insert into authors (id, description, name, photo, slug) values (1, 'Persevering intangible archive', 'Dannye Castana', 'http://dummyimage.com/224x100.png/cc0000/ffffff', 'Shandong University');
insert into authors (id, description, name, photo, slug) values (2, 'Reverse-engineered intangible architecture', 'Dulcinea Scamaden', 'http://dummyimage.com/204x100.png/5fa2dd/ffffff', 'Royal College of Art');
insert into authors (id, description, name, photo, slug) values (3, 'Optional national orchestration', 'Leland Francisco', 'http://dummyimage.com/164x100.png/5fa2dd/ffffff', 'Universidad Politecnica de Cataluna');
insert into authors (id, description, name, photo, slug) values (4, 'Automated tertiary portal', 'Armin Sime', 'http://dummyimage.com/215x100.png/5fa2dd/ffffff', 'Technical University of Czestochowa');
insert into authors (id, description, name, photo, slug) values (5, 'Cross-group mission-critical middleware', 'Woody Bryers', 'http://dummyimage.com/226x100.png/5fa2dd/ffffff', 'Ecole Superieure Internationale d''Administration des Entreprises');
insert into authors (id, description, name, photo, slug) values (6, 'Streamlined tangible firmware', 'Vonni Petersen', 'http://dummyimage.com/119x100.png/5fa2dd/ffffff', 'Taejon University');
insert into authors (id, description, name, photo, slug) values (7, 'Reduced responsive internet solution', 'Lorry Van Salzberger', 'http://dummyimage.com/195x100.png/ff4444/ffffff', 'Antioch University Los Angeles');
insert into authors (id, description, name, photo, slug) values (8, 'Diverse discrete policy', 'Gillan Wrankmore', 'http://dummyimage.com/100x100.png/ff4444/ffffff', 'Wisconsin School of Professional Psychology');
insert into authors (id, description, name, photo, slug) values (9, 'Virtual hybrid extranet', 'Ripley Kann', 'http://dummyimage.com/154x100.png/ff4444/ffffff', 'American University in Dubai');
insert into authors (id, description, name, photo, slug) values (10, 'Proactive clear-thinking Graphic Interface', 'Kelwin Hansmann', 'http://dummyimage.com/120x100.png/ff4444/ffffff', 'Instituto Tecnologico Metropolitano');
insert into authors (id, description, name, photo, slug) values (11, 'Streamlined empowering ability', 'Brandice Elven', 'http://dummyimage.com/147x100.png/dddddd/000000', 'Mount Vernon College');
insert into authors (id, description, name, photo, slug) values (12, 'Networked modular protocol', 'Xena Peskett', 'http://dummyimage.com/248x100.png/ff4444/ffffff', 'Universidad Argentina de la Empresa');
insert into authors (id, description, name, photo, slug) values (13, 'Stand-alone client-server task-force', 'Teddy Dummer', 'http://dummyimage.com/148x100.png/ff4444/ffffff', 'St. Petersburg State Medical Academy');
insert into authors (id, description, name, photo, slug) values (14, 'Balanced bottom-line hierarchy', 'Aland Paolini', 'http://dummyimage.com/151x100.png/dddddd/000000', 'Kendall College of Art and Design');
insert into authors (id, description, name, photo, slug) values (15, 'Organized explicit definition', 'Clayborn Marder', 'http://dummyimage.com/142x100.png/ff4444/ffffff', 'Theologische Hochschule Friedensau');
insert into authors (id, description, name, photo, slug) values (16, 'Customizable attitude-oriented hierarchy', 'Luise Mergue', 'http://dummyimage.com/208x100.png/dddddd/000000', 'Institute of Teachers Education, Penang');
insert into authors (id, description, name, photo, slug) values (17, 'Persevering radical emulation', 'Judah Please', 'http://dummyimage.com/236x100.png/5fa2dd/ffffff', 'Grace Bible College');
insert into authors (id, description, name, photo, slug) values (18, 'Expanded full-range product', 'Zelma Schindler', 'http://dummyimage.com/241x100.png/cc0000/ffffff', 'Akhbar El Yom Academy');
insert into authors (id, description, name, photo, slug) values (19, 'Distributed upward-trending monitoring', 'Lock Robertshaw', 'http://dummyimage.com/172x100.png/ff4444/ffffff', 'Universidad Nacional de San Agustin');
insert into authors (id, description, name, photo, slug) values (20, 'Stand-alone intermediate framework', 'Harland Matveiko', 'http://dummyimage.com/144x100.png/ff4444/ffffff', 'Nippon Medical School');
insert into authors (id, description, name, photo, slug) values (21, 'Expanded uniform software', 'Adena Beels', 'http://dummyimage.com/146x100.png/cc0000/ffffff', 'Saratov State Technical University');

insert into books (id, pub_date, is_bestseller, slug, title, image, description, price, discount, author_id, bought, added_to_cart, postponed) values (1, '2021/08/15', 1, 'book-vb-41', 'Black Room, The', 'http://dummyimage.com/143x100.png/5fa2dd/ffffff', 'Aliquam sit amet diam in magna bibendum imperdiet.', 3476, 37, 14, 2997, 2233, 8155);
insert into books (id, pub_date, is_bestseller, slug, title, image, description, price, discount, author_id, bought, added_to_cart, postponed) values (2, '2021/10/20', 0, 'book-fm-33', 'CQ', 'http://dummyimage.com/125x100.png/cc0000/ffffff', 'Vivamus metus arcu, adipiscing molestie, hendrerit at, vulputate vitae, nisl.', 1067, 35, 18, 797, 9736, 9336);
insert into books (id, pub_date, is_bestseller, slug, title, image, description, price, discount, author_id, bought, added_to_cart, postponed) values (3, '2021/11/13', 0, 'book-xm-96', 'Legend of Suram Fortress, The (Ambavi Suramis tsikhitsa) ', 'http://dummyimage.com/197x100.png/dddddd/000000', 'Donec semper sapien a libero.', 3410, 26, 5, 2189, 8457, 2558);
insert into books (id, pub_date, is_bestseller, slug, title, image, description, price, discount, author_id, bought, added_to_cart, postponed) values (4, '2022/01/15', 1, 'book-rd-19', 'Big Hand for the Little Lady, A', 'http://dummyimage.com/219x100.png/ff4444/ffffff', 'Aenean sit amet justo. Morbi ut odio.', 2795, 13, 20, 6905, 4251, 6848);
insert into books (id, pub_date, is_bestseller, slug, title, image, description, price, discount, author_id, bought, added_to_cart, postponed) values (5, '2021/06/05', 1, 'book-ri-05', 'Forced to Kill', 'http://dummyimage.com/112x100.png/dddddd/000000', 'Suspendisse potenti.', 2635, 70, 10, 4239, 4100, 8107);
insert into books (id, pub_date, is_bestseller, slug, title, image, description, price, discount, author_id, bought, added_to_cart, postponed) values (6, '2021/06/01', 0, 'book-uk-22', 'Evolution', 'http://dummyimage.com/157x100.png/dddddd/000000', 'Phasellus id sapien in sapien iaculis congue.', 373, 61, 13, 7615, 4662, 1209);
insert into books (id, pub_date, is_bestseller, slug, title, image, description, price, discount, author_id, bought, added_to_cart, postponed) values (7, '2021/05/19', 1, 'book-dv-88', 'Lucy', 'http://dummyimage.com/230x100.png/5fa2dd/ffffff', 'Morbi porttitor lorem id ligula.', 1150, 87, 19, 8705, 495, 8473);
insert into books (id, pub_date, is_bestseller, slug, title, image, description, price, discount, author_id, bought, added_to_cart, postponed) values (8, '2021/08/11', 1, 'book-sx-26', 'Catacombs', 'http://dummyimage.com/188x100.png/cc0000/ffffff', 'Aenean auctor gravida sem. Praesent id massa id nisl venenatis lacinia.', 235, 42, 16, 1554, 3924, 5405);
insert into books (id, pub_date, is_bestseller, slug, title, image, description, price, discount, author_id, bought, added_to_cart, postponed) values (9, '2021/10/26', 0, 'book-zs-38', 'Hangar 18', 'http://dummyimage.com/193x100.png/ff4444/ffffff', 'Cras pellentesque volutpat dui.', 1306, 47, 4, 4239, 6747, 481);
insert into books (id, pub_date, is_bestseller, slug, title, image, description, price, discount, author_id, bought, added_to_cart, postponed) values (10, '2021/03/30', 1, 'book-ph-69', 'Tamara', 'http://dummyimage.com/171x100.png/dddddd/000000', 'Vivamus in felis eu sapien cursus vestibulum. Proin eu mi.', 546, 55, 18, 9196, 4223, 3680);
insert into books (id, pub_date, is_bestseller, slug, title, image, description, price, discount, author_id, bought, added_to_cart, postponed) values (11, '2021/10/06', 0, 'book-qe-65', 'Southbounders', 'http://dummyimage.com/245x100.png/ff4444/ffffff', 'Sed vel enim sit amet nunc viverra dapibus. Nulla suscipit ligula in lacus.', 765, 17, 13, 850, 8032, 2567);
insert into books (id, pub_date, is_bestseller, slug, title, image, description, price, discount, author_id, bought, added_to_cart, postponed) values (12, '2021/03/09', 0, 'book-tk-96', 'Lakeview Terrace', 'http://dummyimage.com/153x100.png/ff4444/ffffff', 'Nullam varius. Nulla facilisi.', 4054, 66, 21, 702, 1479, 9850);
insert into books (id, pub_date, is_bestseller, slug, title, image, description, price, discount, author_id, bought, added_to_cart, postponed) values (13, '2021/06/05', 1, 'book-jm-30', 'Hurt Locker, The', 'http://dummyimage.com/139x100.png/ff4444/ffffff', 'Duis aliquam convallis nunc. Proin at turpis a pede posuere nonummy.', 2282, 4, 8, 6077, 4492, 5628);
insert into books (id, pub_date, is_bestseller, slug, title, image, description, price, discount, author_id, bought, added_to_cart, postponed) values (14, '2021/04/13', 0, 'book-qy-88', 'Last Days of Mussolini (Mussolini: Ultimo atto)', 'http://dummyimage.com/171x100.png/cc0000/ffffff', 'Integer ac neque.', 1917, 45, 17, 6537, 2216, 4634);
insert into books (id, pub_date, is_bestseller, slug, title, image, description, price, discount, author_id, bought, added_to_cart, postponed) values (15, '2021/03/12', 0, 'book-it-02', 'Dance with a Stranger', 'http://dummyimage.com/174x100.png/ff4444/ffffff', 'Proin risus. Praesent lectus.', 1595, 38, 17, 1968, 7288, 9121);
insert into books (id, pub_date, is_bestseller, slug, title, image, description, price, discount, author_id, bought, added_to_cart, postponed) values (16, '2021/04/08', 0, 'book-rt-67', 'How to Succeed in Business Without Really Trying', 'http://dummyimage.com/213x100.png/5fa2dd/ffffff', 'Aenean lectus. Pellentesque eget nunc.', 4295, 2, 7, 5917, 2886, 8510);
insert into books (id, pub_date, is_bestseller, slug, title, image, description, price, discount, author_id, bought, added_to_cart, postponed) values (17, '2021/04/26', 0, 'book-eu-60', 'Trixie', 'http://dummyimage.com/195x100.png/cc0000/ffffff', 'Aenean lectus. Pellentesque eget nunc.', 4931, 56, 16, 8374, 6757, 89);
insert into books (id, pub_date, is_bestseller, slug, title, image, description, price, discount, author_id, bought, added_to_cart, postponed) values (18, '2021/04/21', 0, 'book-vp-23', 'Night to Remember, A', 'http://dummyimage.com/125x100.png/ff4444/ffffff', 'Quisque porta volutpat erat. Quisque erat eros, viverra eget, congue eget, semper rutrum, nulla.', 1487, 32, 13, 1065, 949, 4499);
insert into books (id, pub_date, is_bestseller, slug, title, image, description, price, discount, author_id, bought, added_to_cart, postponed) values (19, '2021/05/08', 1, 'book-wf-21', 'Cowboy Bebop: The Movie (Cowboy Bebop: Tengoku no Tobira)', 'http://dummyimage.com/140x100.png/cc0000/ffffff', 'Nullam molestie nibh in lectus.', 3473, 13, 17, 6449, 1904, 1043);
insert into books (id, pub_date, is_bestseller, slug, title, image, description, price, discount, author_id, bought, added_to_cart, postponed) values (20, '2022/01/16', 0, 'book-tu-43', 'On Earth as It Is in Heaven (As en el cielo como en la tierra)', 'http://dummyimage.com/131x100.png/dddddd/000000', 'Nullam porttitor lacus at turpis. Donec posuere metus vitae ipsum.', 1828, 55, 15, 9730, 1013, 5970);
insert into books (id, pub_date, is_bestseller, slug, title, image, description, price, discount, author_id, bought, added_to_cart, postponed) values (21, '2021/10/05', 1, 'book-mx-27', 'Stockholm East (Stockholm stra)', 'http://dummyimage.com/189x100.png/5fa2dd/ffffff', 'Vestibulum ac est lacinia nisi venenatis tristique. Fusce congue, diam id ornare imperdiet, sapien urna pretium nisl, ut volutpat sapien arcu sed augue.', 3328, 56, 17, 4626, 2440, 6275);
insert into books (id, pub_date, is_bestseller, slug, title, image, description, price, discount, author_id, bought, added_to_cart, postponed) values (22, '2021/04/27', 0, 'book-se-34', 'Women in Love', 'http://dummyimage.com/228x100.png/cc0000/ffffff', 'Quisque erat eros, viverra eget, congue eget, semper rutrum, nulla.', 3196, 34, 3, 5110, 7876, 7804);
insert into books (id, pub_date, is_bestseller, slug, title, image, description, price, discount, author_id, bought, added_to_cart, postponed) values (23, '2021/05/29', 0, 'book-zi-10', 'Big City, The (Mahanagar)', 'http://dummyimage.com/166x100.png/5fa2dd/ffffff', 'Donec posuere metus vitae ipsum. Aliquam non mauris.', 3594, 81, 5, 42, 6553, 6987);
insert into books (id, pub_date, is_bestseller, slug, title, image, description, price, discount, author_id, bought, added_to_cart, postponed) values (24, '2021/05/09', 1, 'book-ej-24', 'Jack the Giant Killer', 'http://dummyimage.com/125x100.png/5fa2dd/ffffff', 'Nullam orci pede, venenatis non, sodales sed, tincidunt eu, felis. Fusce posuere felis sed lacus.', 848, 11, 20, 4569, 1472, 770);
insert into books (id, pub_date, is_bestseller, slug, title, image, description, price, discount, author_id, bought, added_to_cart, postponed) values (25, '2021/12/20', 1, 'book-yr-92', 'Meantime', 'http://dummyimage.com/147x100.png/dddddd/000000', 'Praesent id massa id nisl venenatis lacinia. Aenean sit amet justo.', 4041, 78, 19, 48, 3895, 3705);
insert into books (id, pub_date, is_bestseller, slug, title, image, description, price, discount, author_id, bought, added_to_cart, postponed) values (26, '2021/11/14', 0, 'book-qv-77', '40 Pounds of Trouble', 'http://dummyimage.com/108x100.png/5fa2dd/ffffff', 'In blandit ultrices enim.', 3253, 95, 21, 4190, 3258, 4503);
insert into books (id, pub_date, is_bestseller, slug, title, image, description, price, discount, author_id, bought, added_to_cart, postponed) values (27, '2021/08/23', 0, 'book-ey-06', 'Comanche Moon', 'http://dummyimage.com/125x100.png/ff4444/ffffff', 'Praesent lectus. Vestibulum quam sapien, varius ut, blandit non, interdum in, ante.', 3658, 45, 8, 914, 6002, 4760);
insert into books (id, pub_date, is_bestseller, slug, title, image, description, price, discount, author_id, bought, added_to_cart, postponed) values (28, '2021/03/03', 1, 'book-xc-09', 'Hood of Horror', 'http://dummyimage.com/113x100.png/5fa2dd/ffffff', 'Morbi ut odio. Cras mi pede, malesuada in, imperdiet et, commodo vulputate, justo.', 2190, 49, 17, 9987, 2500, 8711);
insert into books (id, pub_date, is_bestseller, slug, title, image, description, price, discount, author_id, bought, added_to_cart, postponed) values (29, '2021/06/30', 1, 'book-kh-67', 'Girl from Monaco, The (fille de Monaco, La)', 'http://dummyimage.com/164x100.png/dddddd/000000', 'Cras pellentesque volutpat dui. Maecenas tristique, est et tempus semper, est quam pharetra magna, ac consequat metus sapien ut nunc.', 1146, 88, 19, 5400, 9322, 6125);
insert into books (id, pub_date, is_bestseller, slug, title, image, description, price, discount, author_id, bought, added_to_cart, postponed) values (30, '2021/09/20', 0, 'book-my-06', 'Nazty Nuisance', 'http://dummyimage.com/192x100.png/cc0000/ffffff', 'Morbi a ipsum. Integer a nibh.', 207, 19, 14, 3394, 5609, 4067);
insert into books (id, pub_date, is_bestseller, slug, title, image, description, price, discount, author_id, bought, added_to_cart, postponed) values (31, '2021/07/25', 1, 'book-yo-38', 'Genghis Blues', 'http://dummyimage.com/102x100.png/5fa2dd/ffffff', 'Praesent blandit lacinia erat. Vestibulum sed magna at nunc commodo placerat.', 1279, 84, 13, 7411, 976, 1377);
insert into books (id, pub_date, is_bestseller, slug, title, image, description, price, discount, author_id, bought, added_to_cart, postponed) values (32, '2021/07/31', 0, 'book-sp-05', 'Cottage Country', 'http://dummyimage.com/145x100.png/ff4444/ffffff', 'Maecenas tincidunt lacus at velit. Vivamus vel nulla eget eros elementum pellentesque.', 1474, 49, 13, 4345, 9311, 26);
insert into books (id, pub_date, is_bestseller, slug, title, image, description, price, discount, author_id, bought, added_to_cart, postponed) values (33, '2021/07/29', 1, 'book-fy-53', '''night Mother', 'http://dummyimage.com/186x100.png/cc0000/ffffff', 'Phasellus id sapien in sapien iaculis congue. Vivamus metus arcu, adipiscing molestie, hendrerit at, vulputate vitae, nisl.', 1101, 74, 19, 2878, 332, 7035);
insert into books (id, pub_date, is_bestseller, slug, title, image, description, price, discount, author_id, bought, added_to_cart, postponed) values (34, '2021/07/17', 1, 'book-ur-37', 'Killer, The (Die xue shuang xiong)', 'http://dummyimage.com/140x100.png/ff4444/ffffff', 'Nulla ut erat id mauris vulputate elementum. Nullam varius.', 920, 38, 3, 2157, 8334, 4445);
insert into books (id, pub_date, is_bestseller, slug, title, image, description, price, discount, author_id, bought, added_to_cart, postponed) values (35, '2021/03/20', 1, 'book-up-46', 'Women Robbers (Diebinnen)', 'http://dummyimage.com/228x100.png/dddddd/000000', 'Aliquam quis turpis eget elit sodales scelerisque.', 2633, 59, 19, 6985, 5085, 5052);
insert into books (id, pub_date, is_bestseller, slug, title, image, description, price, discount, author_id, bought, added_to_cart, postponed) values (36, '2022/01/16', 1, 'book-zm-44', 'Halloween H20: 20 Years Later (Halloween 7: The Revenge of Laurie Strode)', 'http://dummyimage.com/154x100.png/5fa2dd/ffffff', 'Nulla ut erat id mauris vulputate elementum. Nullam varius.', 4324, 69, 5, 522, 4377, 5060);
insert into books (id, pub_date, is_bestseller, slug, title, image, description, price, discount, author_id, bought, added_to_cart, postponed) values (37, '2021/08/26', 1, 'book-ur-16', 'Seven Samurai (Shichinin no samurai)', 'http://dummyimage.com/198x100.png/cc0000/ffffff', 'Vivamus vestibulum sagittis sapien.', 2833, 79, 9, 8462, 8593, 167);
insert into books (id, pub_date, is_bestseller, slug, title, image, description, price, discount, author_id, bought, added_to_cart, postponed) values (38, '2021/04/01', 0, 'book-fn-88', 'Angels Sing', 'http://dummyimage.com/247x100.png/ff4444/ffffff', 'Pellentesque eget nunc. Donec quis orci eget orci vehicula condimentum.', 2395, 16, 17, 4061, 4444, 9914);
insert into books (id, pub_date, is_bestseller, slug, title, image, description, price, discount, author_id, bought, added_to_cart, postponed) values (39, '2021/03/19', 1, 'book-yg-92', 'Big, Large and Verdone', 'http://dummyimage.com/101x100.png/cc0000/ffffff', 'Pellentesque at nulla.', 1562, 89, 3, 7522, 4217, 3433);
insert into books (id, pub_date, is_bestseller, slug, title, image, description, price, discount, author_id, bought, added_to_cart, postponed) values (40, '2022/01/17', 0, 'book-ha-53', 'Protector, The', 'http://dummyimage.com/209x100.png/ff4444/ffffff', 'Nulla ut erat id mauris vulputate elementum. Nullam varius.', 2174, 21, 5, 9596, 8883, 5997);
insert into books (id, pub_date, is_bestseller, slug, title, image, description, price, discount, author_id, bought, added_to_cart, postponed) values (41, '2021/09/10', 1, 'book-mr-59', 'Fawlty Towers (1975-1979)', 'http://dummyimage.com/149x100.png/5fa2dd/ffffff', 'Nam congue, risus semper porta volutpat, quam pede lobortis ligula, sit amet eleifend pede libero quis orci. Nullam molestie nibh in lectus.', 4863, 18, 11, 6475, 4659, 218);
insert into books (id, pub_date, is_bestseller, slug, title, image, description, price, discount, author_id, bought, added_to_cart, postponed) values (42, '2021/04/15', 0, 'book-dt-31', 'Lost in Beijing (Ping guo)', 'http://dummyimage.com/239x100.png/5fa2dd/ffffff', 'Maecenas rhoncus aliquam lacus. Morbi quis tortor id nulla ultrices aliquet.', 144, 34, 5, 95, 8903, 1997);
insert into books (id, pub_date, is_bestseller, slug, title, image, description, price, discount, author_id, bought, added_to_cart, postponed) values (43, '2021/09/14', 1, 'book-ff-93', 'Dog Pound', 'http://dummyimage.com/198x100.png/ff4444/ffffff', 'Maecenas tristique, est et tempus semper, est quam pharetra magna, ac consequat metus sapien ut nunc.', 4626, 22, 8, 139, 8122, 5547);
insert into books (id, pub_date, is_bestseller, slug, title, image, description, price, discount, author_id, bought, added_to_cart, postponed) values (44, '2021/08/17', 1, 'book-pw-31', 'Mangler, The', 'http://dummyimage.com/228x100.png/ff4444/ffffff', 'Ut at dolor quis odio consequat varius.', 1108, 16, 17, 8594, 3243, 8461);
insert into books (id, pub_date, is_bestseller, slug, title, image, description, price, discount, author_id, bought, added_to_cart, postponed) values (45, '2021/09/18', 1, 'book-ym-16', 'Apartment 1303', 'http://dummyimage.com/235x100.png/cc0000/ffffff', 'Fusce congue, diam id ornare imperdiet, sapien urna pretium nisl, ut volutpat sapien arcu sed augue.', 4536, 60, 15, 4384, 4297, 264);
insert into books (id, pub_date, is_bestseller, slug, title, image, description, price, discount, author_id, bought, added_to_cart, postponed) values (46, '2021/02/28', 1, 'book-mj-27', 'Levity', 'http://dummyimage.com/208x100.png/ff4444/ffffff', 'Curabitur gravida nisi at nibh. In hac habitasse platea dictumst.', 3054, 62, 15, 9800, 2209, 6980);
insert into books (id, pub_date, is_bestseller, slug, title, image, description, price, discount, author_id, bought, added_to_cart, postponed) values (47, '2021/03/07', 0, 'book-xp-01', 'Very Annie Mary', 'http://dummyimage.com/149x100.png/cc0000/ffffff', 'Proin leo odio, porttitor id, consequat in, consequat ut, nulla. Sed accumsan felis.', 2980, 63, 3, 6394, 4078, 9840);
insert into books (id, pub_date, is_bestseller, slug, title, image, description, price, discount, author_id, bought, added_to_cart, postponed) values (48, '2021/12/24', 0, 'book-vw-81', 'Good Luck. And Take Care of Each Other', 'http://dummyimage.com/175x100.png/5fa2dd/ffffff', 'Cras non velit nec nisi vulputate nonummy. Maecenas tincidunt lacus at velit.', 2473, 56, 13, 9834, 4603, 8207);
insert into books (id, pub_date, is_bestseller, slug, title, image, description, price, discount, author_id, bought, added_to_cart, postponed) values (49, '2021/12/07', 0, 'book-wy-53', 'Big Fix, The', 'http://dummyimage.com/120x100.png/5fa2dd/ffffff', 'Praesent blandit.', 4131, 6, 6, 5478, 1272, 595);
insert into books (id, pub_date, is_bestseller, slug, title, image, description, price, discount, author_id, bought, added_to_cart, postponed) values (50, '2021/09/25', 1, 'book-cj-47', 'Counter Investigation (Contre-enqute)', 'http://dummyimage.com/200x100.png/5fa2dd/ffffff', 'Sed vel enim sit amet nunc viverra dapibus.', 3067, 23, 12, 6735, 7564, 3457);
insert into books (id, pub_date, is_bestseller, slug, title, image, description, price, discount, author_id, bought, added_to_cart, postponed) values (51, '2021/05/06', 1, 'book-dr-04', 'Phone Booth', 'http://dummyimage.com/125x100.png/cc0000/ffffff', 'Vestibulum quam sapien, varius ut, blandit non, interdum in, ante.', 1300, 74, 3, 5783, 9029, 3455);
insert into books (id, pub_date, is_bestseller, slug, title, image, description, price, discount, author_id, bought, added_to_cart, postponed) values (52, '2021/12/11', 0, 'book-cn-63', 'Into the Forest of Fireflies'' Light', 'http://dummyimage.com/149x100.png/ff4444/ffffff', 'Duis aliquam convallis nunc.', 2064, 52, 5, 1387, 148, 6408);
insert into books (id, pub_date, is_bestseller, slug, title, image, description, price, discount, author_id, bought, added_to_cart, postponed) values (53, '2021/04/24', 0, 'book-tc-34', 'Last of the Mohicans, The', 'http://dummyimage.com/200x100.png/ff4444/ffffff', 'Vestibulum ante ipsum primis in faucibus orci luctus et ultrices posuere cubilia Curae; Mauris viverra diam vitae quam. Suspendisse potenti.', 960, 7, 15, 7421, 1819, 3742);
insert into books (id, pub_date, is_bestseller, slug, title, image, description, price, discount, author_id, bought, added_to_cart, postponed) values (54, '2021/10/16', 0, 'book-rb-76', 'Young People', 'http://dummyimage.com/188x100.png/5fa2dd/ffffff', 'In hac habitasse platea dictumst. Etiam faucibus cursus urna.', 2080, 6, 13, 5079, 3861, 9103);
insert into books (id, pub_date, is_bestseller, slug, title, image, description, price, discount, author_id, bought, added_to_cart, postponed) values (55, '2021/12/11', 0, 'book-mm-86', 'This Woman Is Dangerous', 'http://dummyimage.com/113x100.png/dddddd/000000', 'Suspendisse potenti. In eleifend quam a odio.', 4503, 32, 7, 328, 4858, 6831);
insert into books (id, pub_date, is_bestseller, slug, title, image, description, price, discount, author_id, bought, added_to_cart, postponed) values (56, '2021/03/13', 1, 'book-hr-55', 'Cutie Honey', 'http://dummyimage.com/173x100.png/5fa2dd/ffffff', 'Mauris enim leo, rhoncus sed, vestibulum sit amet, cursus id, turpis. Integer aliquet, massa id lobortis convallis, tortor risus dapibus augue, vel accumsan tellus nisi eu orci.', 2260, 15, 18, 2249, 8852, 9311);
insert into books (id, pub_date, is_bestseller, slug, title, image, description, price, discount, author_id, bought, added_to_cart, postponed) values (57, '2021/06/29', 1, 'book-xr-44', 'Bride & Prejudice', 'http://dummyimage.com/102x100.png/ff4444/ffffff', 'Sed ante. Vivamus tortor.', 1555, 18, 18, 8283, 3983, 5355);
insert into books (id, pub_date, is_bestseller, slug, title, image, description, price, discount, author_id, bought, added_to_cart, postponed) values (58, '2021/09/02', 0, 'book-cd-50', 'Sure Thing, The', 'http://dummyimage.com/137x100.png/5fa2dd/ffffff', 'Aliquam quis turpis eget elit sodales scelerisque.', 3551, 41, 19, 8597, 4876, 6784);
insert into books (id, pub_date, is_bestseller, slug, title, image, description, price, discount, author_id, bought, added_to_cart, postponed) values (59, '2021/11/28', 0, 'book-sw-61', 'Caddyshack II', 'http://dummyimage.com/165x100.png/dddddd/000000', 'Proin at turpis a pede posuere nonummy. Integer non velit.', 4202, 38, 5, 2271, 6713, 7367);
insert into books (id, pub_date, is_bestseller, slug, title, image, description, price, discount, author_id, bought, added_to_cart, postponed) values (60, '2021/05/11', 0, 'book-nm-87', 'Spice World', 'http://dummyimage.com/187x100.png/dddddd/000000', 'Maecenas pulvinar lobortis est.', 3155, 19, 9, 1789, 8002, 5108);
insert into books (id, pub_date, is_bestseller, slug, title, image, description, price, discount, author_id, bought, added_to_cart, postponed) values (61, '2021/08/20', 0, 'book-as-90', 'Carriers', 'http://dummyimage.com/219x100.png/5fa2dd/ffffff', 'Vivamus tortor. Duis mattis egestas metus.', 4297, 87, 6, 4663, 5504, 7593);
insert into books (id, pub_date, is_bestseller, slug, title, image, description, price, discount, author_id, bought, added_to_cart, postponed) values (62, '2021/10/01', 1, 'book-ug-06', 'Hanging Garden, The', 'http://dummyimage.com/181x100.png/ff4444/ffffff', 'Vestibulum ante ipsum primis in faucibus orci luctus et ultrices posuere cubilia Curae; Nulla dapibus dolor vel est.', 2759, 44, 17, 9789, 5690, 7510);
insert into books (id, pub_date, is_bestseller, slug, title, image, description, price, discount, author_id, bought, added_to_cart, postponed) values (63, '2022/01/29', 0, 'book-ng-65', 'Terminator Salvation', 'http://dummyimage.com/212x100.png/ff4444/ffffff', 'Quisque arcu libero, rutrum ac, lobortis vel, dapibus at, diam.', 3139, 62, 4, 2881, 1618, 5358);
insert into books (id, pub_date, is_bestseller, slug, title, image, description, price, discount, author_id, bought, added_to_cart, postponed) values (64, '2022/01/04', 0, 'book-ok-25', 'Star Trek VI: The Undiscovered Country', 'http://dummyimage.com/101x100.png/cc0000/ffffff', 'Morbi non lectus. Aliquam sit amet diam in magna bibendum imperdiet.', 2212, 51, 21, 9516, 1955, 1509);
insert into books (id, pub_date, is_bestseller, slug, title, image, description, price, discount, author_id, bought, added_to_cart, postponed) values (65, '2021/02/28', 1, 'book-oe-13', '2010: The Year We Make Contact', 'http://dummyimage.com/211x100.png/dddddd/000000', 'Etiam faucibus cursus urna.', 4501, 26, 21, 9225, 4725, 6794);
insert into books (id, pub_date, is_bestseller, slug, title, image, description, price, discount, author_id, bought, added_to_cart, postponed) values (66, '2021/03/25', 0, 'book-iu-53', 'Presence, The', 'http://dummyimage.com/152x100.png/5fa2dd/ffffff', 'Suspendisse ornare consequat lectus. In est risus, auctor sed, tristique in, tempus sit amet, sem.', 2282, 75, 16, 5909, 3581, 4119);
insert into books (id, pub_date, is_bestseller, slug, title, image, description, price, discount, author_id, bought, added_to_cart, postponed) values (67, '2021/02/22', 0, 'book-ca-46', 'Goodbye First Love', 'http://dummyimage.com/172x100.png/ff4444/ffffff', 'In hac habitasse platea dictumst.', 1218, 45, 2, 3726, 5250, 9978);
insert into books (id, pub_date, is_bestseller, slug, title, image, description, price, discount, author_id, bought, added_to_cart, postponed) values (68, '2021/07/16', 0, 'book-mc-24', 'Near Dark', 'http://dummyimage.com/124x100.png/cc0000/ffffff', 'Cum sociis natoque penatibus et magnis dis parturient montes, nascetur ridiculus mus.', 3241, 35, 7, 7753, 1382, 8687);
insert into books (id, pub_date, is_bestseller, slug, title, image, description, price, discount, author_id, bought, added_to_cart, postponed) values (69, '2021/08/03', 1, 'book-gz-26', 'Tinseltown', 'http://dummyimage.com/114x100.png/5fa2dd/ffffff', 'Donec dapibus. Duis at velit eu est congue elementum.', 4780, 38, 11, 8875, 3820, 9609);
insert into books (id, pub_date, is_bestseller, slug, title, image, description, price, discount, author_id, bought, added_to_cart, postponed) values (70, '2021/04/02', 0, 'book-ct-46', 'Madagascar 3: Europe''s Most Wanted', 'http://dummyimage.com/102x100.png/5fa2dd/ffffff', 'Duis consequat dui nec nisi volutpat eleifend. Donec ut dolor.', 813, 57, 12, 7262, 5802, 5625);
insert into books (id, pub_date, is_bestseller, slug, title, image, description, price, discount, author_id, bought, added_to_cart, postponed) values (71, '2021/12/26', 0, 'book-hc-46', 'Being Cyrus', 'http://dummyimage.com/244x100.png/dddddd/000000', 'Proin risus.', 3699, 11, 8, 138, 7589, 1822);
insert into books (id, pub_date, is_bestseller, slug, title, image, description, price, discount, author_id, bought, added_to_cart, postponed) values (72, '2021/06/15', 0, 'book-nt-46', 'Girls Against Boys ', 'http://dummyimage.com/206x100.png/dddddd/000000', 'Sed vel enim sit amet nunc viverra dapibus. Nulla suscipit ligula in lacus.', 1241, 8, 3, 9937, 8359, 151);
insert into books (id, pub_date, is_bestseller, slug, title, image, description, price, discount, author_id, bought, added_to_cart, postponed) values (73, '2021/04/27', 1, 'book-fx-83', 'Life', 'http://dummyimage.com/170x100.png/dddddd/000000', 'Curabitur in libero ut massa volutpat convallis. Morbi odio odio, elementum eu, interdum eu, tincidunt in, leo.', 3280, 76, 8, 904, 3401, 9299);
insert into books (id, pub_date, is_bestseller, slug, title, image, description, price, discount, author_id, bought, added_to_cart, postponed) values (74, '2021/09/19', 0, 'book-ig-41', 'What''s the Worst That Could Happen?', 'http://dummyimage.com/245x100.png/ff4444/ffffff', 'Integer pede justo, lacinia eget, tincidunt eget, tempus vel, pede.', 147, 3, 5, 5672, 2154, 3648);
insert into books (id, pub_date, is_bestseller, slug, title, image, description, price, discount, author_id, bought, added_to_cart, postponed) values (75, '2021/12/11', 1, 'book-eb-82', 'Meat Love', 'http://dummyimage.com/127x100.png/5fa2dd/ffffff', 'Ut tellus. Nulla ut erat id mauris vulputate elementum.', 203, 51, 1, 4519, 6847, 5589);
insert into books (id, pub_date, is_bestseller, slug, title, image, description, price, discount, author_id, bought, added_to_cart, postponed) values (76, '2021/03/10', 1, 'book-zt-49', 'This American Journey', 'http://dummyimage.com/214x100.png/5fa2dd/ffffff', 'Curabitur at ipsum ac tellus semper interdum. Mauris ullamcorper purus sit amet nulla.', 3818, 56, 3, 248, 1191, 3328);
insert into books (id, pub_date, is_bestseller, slug, title, image, description, price, discount, author_id, bought, added_to_cart, postponed) values (77, '2021/04/27', 0, 'book-zu-43', 'Dragon Ball Z: Bardock - The Father of Goku (Doragon bru Z: Tatta hitori no saishuu kessen - Furiiza ni itonda Z senshi Kakarotto no chichi)', 'http://dummyimage.com/140x100.png/ff4444/ffffff', 'Vestibulum ante ipsum primis in faucibus orci luctus et ultrices posuere cubilia Curae; Mauris viverra diam vitae quam. Suspendisse potenti.', 3758, 65, 10, 9153, 5312, 2949);
insert into books (id, pub_date, is_bestseller, slug, title, image, description, price, discount, author_id, bought, added_to_cart, postponed) values (78, '2021/03/05', 1, 'book-eo-52', 'Ed''s Next Move', 'http://dummyimage.com/111x100.png/dddddd/000000', 'Integer pede justo, lacinia eget, tincidunt eget, tempus vel, pede. Morbi porttitor lorem id ligula.', 976, 59, 16, 9421, 6005, 5041);
insert into books (id, pub_date, is_bestseller, slug, title, image, description, price, discount, author_id, bought, added_to_cart, postponed) values (79, '2021/05/02', 1, 'book-ip-57', 'Would You Rather', 'http://dummyimage.com/248x100.png/ff4444/ffffff', 'Donec vitae nisi. Nam ultrices, libero non mattis pulvinar, nulla pede ullamcorper augue, a suscipit nulla elit ac nulla.', 1222, 22, 11, 3250, 3487, 6046);
insert into books (id, pub_date, is_bestseller, slug, title, image, description, price, discount, author_id, bought, added_to_cart, postponed) values (80, '2021/06/18', 0, 'book-qk-63', 'From Hell', 'http://dummyimage.com/110x100.png/5fa2dd/ffffff', 'Cum sociis natoque penatibus et magnis dis parturient montes, nascetur ridiculus mus.', 3116, 57, 10, 8029, 2294, 8720);
insert into books (id, pub_date, is_bestseller, slug, title, image, description, price, discount, author_id, bought, added_to_cart, postponed) values (81, '2021/05/07', 1, 'book-ns-73', 'Tully', 'http://dummyimage.com/122x100.png/dddddd/000000', 'Mauris enim leo, rhoncus sed, vestibulum sit amet, cursus id, turpis.', 940, 57, 2, 7584, 6885, 806);
insert into books (id, pub_date, is_bestseller, slug, title, image, description, price, discount, author_id, bought, added_to_cart, postponed) values (82, '2021/11/25', 1, 'book-sc-38', 'I Hate But Love (Nikui an-chikush)', 'http://dummyimage.com/178x100.png/5fa2dd/ffffff', 'Nullam molestie nibh in lectus. Pellentesque at nulla.', 1949, 85, 4, 7456, 5480, 9577);
insert into books (id, pub_date, is_bestseller, slug, title, image, description, price, discount, author_id, bought, added_to_cart, postponed) values (83, '2021/04/13', 0, 'book-ig-80', 'Janky Promoters, The', 'http://dummyimage.com/139x100.png/cc0000/ffffff', 'In hac habitasse platea dictumst.', 4122, 26, 6, 5686, 6451, 3049);
insert into books (id, pub_date, is_bestseller, slug, title, image, description, price, discount, author_id, bought, added_to_cart, postponed) values (84, '2021/07/15', 1, 'book-uw-23', 'Deliver Us from Evil', 'http://dummyimage.com/127x100.png/5fa2dd/ffffff', 'Fusce congue, diam id ornare imperdiet, sapien urna pretium nisl, ut volutpat sapien arcu sed augue. Aliquam erat volutpat.', 2686, 66, 1, 7400, 1404, 8301);
insert into books (id, pub_date, is_bestseller, slug, title, image, description, price, discount, author_id, bought, added_to_cart, postponed) values (85, '2022/01/26', 0, 'book-fd-01', 'Pandemonium', 'http://dummyimage.com/179x100.png/cc0000/ffffff', 'Maecenas tincidunt lacus at velit.', 4128, 57, 8, 2904, 2812, 756);
insert into books (id, pub_date, is_bestseller, slug, title, image, description, price, discount, author_id, bought, added_to_cart, postponed) values (86, '2021/03/23', 0, 'book-py-77', 'Dinosaur', 'http://dummyimage.com/203x100.png/5fa2dd/ffffff', 'Morbi a ipsum. Integer a nibh.', 3297, 79, 9, 8499, 8296, 2959);
insert into books (id, pub_date, is_bestseller, slug, title, image, description, price, discount, author_id, bought, added_to_cart, postponed) values (87, '2021/08/29', 1, 'book-mp-08', '99 and 44/100% Dead', 'http://dummyimage.com/176x100.png/5fa2dd/ffffff', 'Maecenas leo odio, condimentum id, luctus nec, molestie sed, justo.', 4429, 5, 17, 1558, 4122, 4399);
insert into books (id, pub_date, is_bestseller, slug, title, image, description, price, discount, author_id, bought, added_to_cart, postponed) values (88, '2021/08/27', 0, 'book-cf-98', 'Vampire Apocalypse', 'http://dummyimage.com/119x100.png/dddddd/000000', 'Maecenas tincidunt lacus at velit. Vivamus vel nulla eget eros elementum pellentesque.', 4956, 72, 7, 2648, 751, 4288);
insert into books (id, pub_date, is_bestseller, slug, title, image, description, price, discount, author_id, bought, added_to_cart, postponed) values (89, '2021/06/03', 0, 'book-bq-81', 'Can''t Stop the Music', 'http://dummyimage.com/237x100.png/5fa2dd/ffffff', 'Donec dapibus. Duis at velit eu est congue elementum.', 4904, 88, 5, 8192, 4002, 7637);
insert into books (id, pub_date, is_bestseller, slug, title, image, description, price, discount, author_id, bought, added_to_cart, postponed) values (90, '2021/11/26', 0, 'book-dt-34', 'Puppet Master: The Legacy (Puppet Master 8)', 'http://dummyimage.com/111x100.png/cc0000/ffffff', 'Fusce consequat. Nulla nisl.', 2576, 73, 15, 9433, 3452, 7702);
insert into books (id, pub_date, is_bestseller, slug, title, image, description, price, discount, author_id, bought, added_to_cart, postponed) values (91, '2021/10/20', 0, 'book-uo-45', 'Transfer', 'http://dummyimage.com/236x100.png/5fa2dd/ffffff', 'Sed sagittis. Nam congue, risus semper porta volutpat, quam pede lobortis ligula, sit amet eleifend pede libero quis orci.', 2138, 39, 11, 6350, 8209, 4954);
insert into books (id, pub_date, is_bestseller, slug, title, image, description, price, discount, author_id, bought, added_to_cart, postponed) values (92, '2022/01/15', 1, 'book-fo-04', 'On the Outs', 'http://dummyimage.com/182x100.png/ff4444/ffffff', 'Quisque erat eros, viverra eget, congue eget, semper rutrum, nulla.', 4196, 44, 2, 8187, 6152, 8155);
insert into books (id, pub_date, is_bestseller, slug, title, image, description, price, discount, author_id, bought, added_to_cart, postponed) values (93, '2021/04/14', 0, 'book-gy-53', 'Leopard, The (Gattopardo, Il)', 'http://dummyimage.com/103x100.png/5fa2dd/ffffff', 'Nam ultrices, libero non mattis pulvinar, nulla pede ullamcorper augue, a suscipit nulla elit ac nulla. Sed vel enim sit amet nunc viverra dapibus.', 1435, 81, 10, 331, 582, 636);
insert into books (id, pub_date, is_bestseller, slug, title, image, description, price, discount, author_id, bought, added_to_cart, postponed) values (94, '2021/10/27', 0, 'book-jz-79', 'Newsies', 'http://dummyimage.com/245x100.png/ff4444/ffffff', 'Suspendisse potenti. Nullam porttitor lacus at turpis.', 505, 57, 20, 2539, 9496, 1440);
insert into books (id, pub_date, is_bestseller, slug, title, image, description, price, discount, author_id, bought, added_to_cart, postponed) values (95, '2021/11/08', 1, 'book-si-70', 'Nantucket Film Festival''s Comedy Roundtable', 'http://dummyimage.com/170x100.png/cc0000/ffffff', 'Quisque id justo sit amet sapien dignissim vestibulum. Vestibulum ante ipsum primis in faucibus orci luctus et ultrices posuere cubilia Curae; Nulla dapibus dolor vel est.', 2030, 79, 4, 2260, 6462, 2005);
insert into books (id, pub_date, is_bestseller, slug, title, image, description, price, discount, author_id, bought, added_to_cart, postponed) values (96, '2022/01/07', 0, 'book-ym-72', 'Heiter bis wolkig', 'http://dummyimage.com/205x100.png/dddddd/000000', 'Sed sagittis. Nam congue, risus semper porta volutpat, quam pede lobortis ligula, sit amet eleifend pede libero quis orci.', 1446, 82, 17, 7124, 8625, 4823);
insert into books (id, pub_date, is_bestseller, slug, title, image, description, price, discount, author_id, bought, added_to_cart, postponed) values (97, '2021/10/23', 0, 'book-im-38', 'Web of Death, The', 'http://dummyimage.com/249x100.png/dddddd/000000', 'Vestibulum ante ipsum primis in faucibus orci luctus et ultrices posuere cubilia Curae; Donec pharetra, magna vestibulum aliquet ultrices, erat tortor sollicitudin mi, sit amet lobortis sapien sapien non mi. Integer ac neque.', 1354, 25, 17, 4588, 9508, 8289);
insert into books (id, pub_date, is_bestseller, slug, title, image, description, price, discount, author_id, bought, added_to_cart, postponed) values (98, '2021/07/09', 1, 'book-if-44', '1000 Eyes of Dr. Mabuse, The (Die 1000 Augen des Dr. Mabuse)', 'http://dummyimage.com/187x100.png/dddddd/000000', 'Maecenas leo odio, condimentum id, luctus nec, molestie sed, justo. Pellentesque viverra pede ac diam.', 2388, 53, 3, 4387, 4542, 287);
insert into books (id, pub_date, is_bestseller, slug, title, image, description, price, discount, author_id, bought, added_to_cart, postponed) values (99, '2021/09/30', 1, 'book-zy-77', 'Treasure Hunter, The (Ci ling)', 'http://dummyimage.com/156x100.png/dddddd/000000', 'Donec ut dolor. Morbi vel lectus in quam fringilla rhoncus.', 1396, 37, 14, 7010, 7809, 8962);
insert into books (id, pub_date, is_bestseller, slug, title, image, description, price, discount, author_id, bought, added_to_cart, postponed) values (100, '2021/02/16', 1, 'book-jf-49', 'Black Christmas', 'http://dummyimage.com/231x100.png/cc0000/ffffff', 'Duis aliquam convallis nunc. Proin at turpis a pede posuere nonummy.', 822, 54, 7, 2950, 5344, 4223);


insert into book2author (id, author_id, book_id) values (1, 8, 41);
insert into book2author (id, author_id, book_id) values (2, 18, 59);
insert into book2author (id, author_id, book_id) values (3, 5, 100);
insert into book2author (id, author_id, book_id) values (4, 6, 73);
insert into book2author (id, author_id, book_id) values (5, 15, 84);
insert into book2author (id, author_id, book_id) values (6, 21, 69);
insert into book2author (id, author_id, book_id) values (7, 6, 8);
insert into book2author (id, author_id, book_id) values (8, 15, 46);
insert into book2author (id, author_id, book_id) values (9, 15, 19);
insert into book2author (id, author_id, book_id) values (10, 12, 96);
insert into book2author (id, author_id, book_id) values (11, 21, 99);
insert into book2author (id, author_id, book_id) values (12, 14, 61);
insert into book2author (id, author_id, book_id) values (13, 7, 38);
insert into book2author (id, author_id, book_id) values (14, 5, 71);
insert into book2author (id, author_id, book_id) values (15, 20, 96);
insert into book2author (id, author_id, book_id) values (16, 1, 5);
insert into book2author (id, author_id, book_id) values (17, 14, 27);
insert into book2author (id, author_id, book_id) values (18, 9, 76);
insert into book2author (id, author_id, book_id) values (19, 10, 19);
insert into book2author (id, author_id, book_id) values (20, 18, 42);
insert into book2author (id, author_id, book_id) values (21, 13, 26);
insert into book2author (id, author_id, book_id) values (22, 14, 14);
insert into book2author (id, author_id, book_id) values (23, 15, 72);
insert into book2author (id, author_id, book_id) values (24, 5, 16);
insert into book2author (id, author_id, book_id) values (25, 15, 44);
insert into book2author (id, author_id, book_id) values (26, 17, 13);
insert into book2author (id, author_id, book_id) values (27, 13, 27);
insert into book2author (id, author_id, book_id) values (28, 14, 19);
insert into book2author (id, author_id, book_id) values (29, 3, 97);
insert into book2author (id, author_id, book_id) values (30, 17, 83);
insert into book2author (id, author_id, book_id) values (31, 20, 29);
insert into book2author (id, author_id, book_id) values (32, 20, 47);
insert into book2author (id, author_id, book_id) values (33, 17, 73);
insert into book2author (id, author_id, book_id) values (34, 6, 89);
insert into book2author (id, author_id, book_id) values (35, 19, 90);
insert into book2author (id, author_id, book_id) values (36, 14, 72);
insert into book2author (id, author_id, book_id) values (37, 18, 91);
insert into book2author (id, author_id, book_id) values (38, 14, 63);
insert into book2author (id, author_id, book_id) values (39, 4, 83);
insert into book2author (id, author_id, book_id) values (40, 2, 3);
insert into book2author (id, author_id, book_id) values (41, 20, 37);
insert into book2author (id, author_id, book_id) values (42, 15, 75);
insert into book2author (id, author_id, book_id) values (43, 4, 30);
insert into book2author (id, author_id, book_id) values (44, 2, 67);
insert into book2author (id, author_id, book_id) values (45, 2, 93);
insert into book2author (id, author_id, book_id) values (46, 4, 46);
insert into book2author (id, author_id, book_id) values (47, 4, 85);
insert into book2author (id, author_id, book_id) values (48, 18, 17);
insert into book2author (id, author_id, book_id) values (49, 14, 45);
insert into book2author (id, author_id, book_id) values (50, 1, 100);
insert into book2author (id, author_id, book_id) values (51, 12, 100);
insert into book2author (id, author_id, book_id) values (52, 4, 94);
insert into book2author (id, author_id, book_id) values (53, 9, 54);
insert into book2author (id, author_id, book_id) values (54, 3, 83);
insert into book2author (id, author_id, book_id) values (55, 9, 91);
insert into book2author (id, author_id, book_id) values (56, 17, 10);
insert into book2author (id, author_id, book_id) values (57, 6, 33);
insert into book2author (id, author_id, book_id) values (58, 20, 67);
insert into book2author (id, author_id, book_id) values (59, 14, 41);
insert into book2author (id, author_id, book_id) values (60, 19, 3);
insert into book2author (id, author_id, book_id) values (61, 10, 38);
insert into book2author (id, author_id, book_id) values (62, 15, 89);
insert into book2author (id, author_id, book_id) values (63, 1, 58);
insert into book2author (id, author_id, book_id) values (64, 11, 30);
insert into book2author (id, author_id, book_id) values (65, 15, 10);
insert into book2author (id, author_id, book_id) values (66, 2, 86);
insert into book2author (id, author_id, book_id) values (67, 4, 61);
insert into book2author (id, author_id, book_id) values (68, 21, 61);
insert into book2author (id, author_id, book_id) values (69, 6, 89);
insert into book2author (id, author_id, book_id) values (70, 17, 10);
insert into book2author (id, author_id, book_id) values (71, 15, 94);
insert into book2author (id, author_id, book_id) values (72, 15, 31);
insert into book2author (id, author_id, book_id) values (73, 1, 45);
insert into book2author (id, author_id, book_id) values (74, 6, 72);
insert into book2author (id, author_id, book_id) values (75, 8, 10);
insert into book2author (id, author_id, book_id) values (76, 9, 54);
insert into book2author (id, author_id, book_id) values (77, 16, 6);
insert into book2author (id, author_id, book_id) values (78, 2, 81);
insert into book2author (id, author_id, book_id) values (79, 20, 99);
insert into book2author (id, author_id, book_id) values (80, 15, 19);
insert into book2author (id, author_id, book_id) values (81, 7, 15);
insert into book2author (id, author_id, book_id) values (82, 18, 37);
insert into book2author (id, author_id, book_id) values (83, 7, 58);
insert into book2author (id, author_id, book_id) values (84, 5, 15);
insert into book2author (id, author_id, book_id) values (85, 16, 19);
insert into book2author (id, author_id, book_id) values (86, 13, 74);
insert into book2author (id, author_id, book_id) values (87, 20, 98);
insert into book2author (id, author_id, book_id) values (88, 10, 80);
insert into book2author (id, author_id, book_id) values (89, 5, 8);
insert into book2author (id, author_id, book_id) values (90, 2, 51);
insert into book2author (id, author_id, book_id) values (91, 12, 11);
insert into book2author (id, author_id, book_id) values (92, 8, 93);
insert into book2author (id, author_id, book_id) values (93, 9, 40);
insert into book2author (id, author_id, book_id) values (94, 4, 78);
insert into book2author (id, author_id, book_id) values (95, 10, 19);
insert into book2author (id, author_id, book_id) values (96, 13, 84);
insert into book2author (id, author_id, book_id) values (97, 18, 2);
insert into book2author (id, author_id, book_id) values (98, 19, 33);
insert into book2author (id, author_id, book_id) values (99, 7, 79);
insert into book2author (id, author_id, book_id) values (100, 15, 99);


