insert into authors (id, description, name, photo, slug) values (1, 'Persevering intangible archive', 'Dannye Castana', 'http://dummyimage.com/224x100.png/cc0000/ffffff', 'Shandong University');
insert into authors (id, description, name, photo, slug) values (2, 'Reverse-engineered intangible architecture', 'Dulcinea Scamaden', 'http://dummyimage.com/204x100.png/5fa2dd/ffffff', 'Royal College of Art');
insert into authors (id, description, name, photo, slug) values (3, 'Optional national orchestration', 'Leland Francisco', 'http://dummyimage.com/164x100.png/5fa2dd/ffffff', 'Universidad Politecnica de Cataluna');
insert into authors (id, description, name, photo, slug) values (4, 'Automated tertiary portal', 'Armin Sime', 'http://dummyimage.com/215x100.png/5fa2dd/ffffff', 'Technical University of Czestochowa');
insert into authors (id, description, name, photo, slug) values (5, 'Cross-group mission-critical middleware', 'Woody Bryers', 'http://dummyimage.com/226x100.png/5fa2dd/ffffff', 'Ecole Superieure Internationale d''Administration des Entreprises');
insert into authors (id, description, name, photo, slug) values (6, 'Streamlined tangible firmware', 'Vonni Petersen', 'http://dummyimage.com/119x100.png/5fa2dd/ffffff', 'Taejon University');
insert into authors (id, description, name, photo, slug) values (7, 'Reduced responsive internet solution', 'Lorry Van Salzberger', 'http://dummyimage.com/195x100.png/ff4444/ffffff', 'Antioch University Los Angeles');
insert into authors (id, description, name, photo, slug) values (8, 'Diverse discrete policy', 'Gillan Wrankmore', 'http://dummyimage.com/100x100.png/ff4444/ffffff', 'Wisconsin School of Professional Psychology');
insert into authors (id, description, name, photo, slug) values (9, 'Virtual hybrid extranet', 'Ripley Kann', 'http://dummyimage.com/154x100.png/ff4444/ffffff', 'American University in Dubai');
insert into authors (id, description, name, photo, slug) values (10, 'Proactive clear-thinking Graphic Interface', 'Kelwin Hansmann', 'http://dummyimage.com/120x100.png/ff4444/ffffff', 'Instituto Tecnologico Metropolitano');
insert into authors (id, description, name, photo, slug) values (11, 'Streamlined empowering ability', 'Brandice Elven', 'http://dummyimage.com/147x100.png/dddddd/000000', 'Mount Vernon College');
insert into authors (id, description, name, photo, slug) values (12, 'Networked modular protocol', 'Xena Peskett', 'http://dummyimage.com/248x100.png/ff4444/ffffff', 'Universidad Argentina de la Empresa');
insert into authors (id, description, name, photo, slug) values (13, 'Stand-alone client-server task-force', 'Teddy Dummer', 'http://dummyimage.com/148x100.png/ff4444/ffffff', 'St. Petersburg State Medical Academy');
insert into authors (id, description, name, photo, slug) values (14, 'Balanced bottom-line hierarchy', 'Aland Paolini', 'http://dummyimage.com/151x100.png/dddddd/000000', 'Kendall College of Art and Design');
insert into authors (id, description, name, photo, slug) values (15, 'Organized explicit definition', 'Clayborn Marder', 'http://dummyimage.com/142x100.png/ff4444/ffffff', 'Theologische Hochschule Friedensau');
insert into authors (id, description, name, photo, slug) values (16, 'Customizable attitude-oriented hierarchy', 'Luise Mergue', 'http://dummyimage.com/208x100.png/dddddd/000000', 'Institute of Teachers Education, Penang');
insert into authors (id, description, name, photo, slug) values (17, 'Persevering radical emulation', 'Judah Please', 'http://dummyimage.com/236x100.png/5fa2dd/ffffff', 'Grace Bible College');
insert into authors (id, description, name, photo, slug) values (18, 'Expanded full-range product', 'Zelma Schindler', 'http://dummyimage.com/241x100.png/cc0000/ffffff', 'Akhbar El Yom Academy');
insert into authors (id, description, name, photo, slug) values (19, 'Distributed upward-trending monitoring', 'Lock Robertshaw', 'http://dummyimage.com/172x100.png/ff4444/ffffff', 'Universidad Nacional de San Agustin');
insert into authors (id, description, name, photo, slug) values (20, 'Stand-alone intermediate framework', 'Harland Matveiko', 'http://dummyimage.com/144x100.png/ff4444/ffffff', 'Nippon Medical School');
insert into authors (id, description, name, photo, slug) values (21, 'Expanded uniform software', 'Adena Beels', 'http://dummyimage.com/146x100.png/cc0000/ffffff', 'Saratov State Technical University');

insert into books (id, pub_date, is_bestseller, slug, title, image, description, price, discount, author_id) values (1, '2020/03/20', 1, 'book-ilp-658', 'King of Kings', 'http://dummyimage.com/721x737.png/cc0000/ffffff', 'Etiam pretium iaculis justo. In hac habitasse platea dictumst. Etiam faucibus cursus urna. Ut tellus. Nulla ut erat id mauris vulputate elementum.', 1008, 4, 14);
insert into books (id, pub_date, is_bestseller, slug, title, image, description, price, discount, author_id) values (2, '2018/11/25', 0, 'book-jbr-125', 'Sunset Strip', 'http://dummyimage.com/355x343.png/cc0000/ffffff', 'Duis aliquam convallis nunc. Proin at turpis a pede posuere nonummy. Integer non velit. Donec diam neque, vestibulum eget, vulputate ut, ultrices vel, augue. Vestibulum ante ipsum primis in faucibus orci luctus et ultrices posuere cubilia Curae; Donec pharetra, magna vestibulum aliquet ultrices, erat tortor sollicitudin mi, sit amet lobortis sapien sapien non mi.', 1668, 2, 21);
insert into books (id, pub_date, is_bestseller, slug, title, image, description, price, discount, author_id) values (3, '2015/10/26', 0, 'book-njr-794', 'Patton', 'http://dummyimage.com/303x315.png/dddddd/000000', 'Nullam varius. Nulla facilisi. Cras non velit nec nisi vulputate nonummy. Maecenas tincidunt lacus at velit. Vivamus vel nulla eget eros elementum pellentesque. Quisque porta volutpat erat.', 2452, 4, 14);
insert into books (id, pub_date, is_bestseller, slug, title, image, description, price, discount, author_id) values (4, '2019/06/01', 0, 'book-qvl-454', 'Animal Farm', 'http://dummyimage.com/641x596.png/ff4444/ffffff', 'Sed ante. Vivamus tortor. Duis mattis egestas metus. Aenean fermentum. Donec ut mauris eget massa tempor convallis.', 532, 3, 14);
insert into books (id, pub_date, is_bestseller, slug, title, image, description, price, discount, author_id) values (5, '2011/08/18', 1, 'book-mgs-971', 'Moebius', 'http://dummyimage.com/551x697.png/ff4444/ffffff', 'Phasellus in felis. Donec semper sapien a libero. Nam dui. Proin leo odio, porttitor id, consequat in, consequat ut, nulla. Sed accumsan felis. Ut at dolor quis odio consequat varius.', 1075, 4, 11);
insert into books (id, pub_date, is_bestseller, slug, title, image, description, price, discount, author_id) values (6, '2020/02/03', 1, 'book-xgb-310', 'Winning', 'http://dummyimage.com/576x278.png/5fa2dd/ffffff', 'Praesent lectus. Vestibulum quam sapien, varius ut, blandit non, interdum in, ante. Vestibulum ante ipsum primis in faucibus orci luctus et ultrices posuere cubilia Curae; Duis faucibus accumsan odio. Curabitur convallis. Duis consequat dui nec nisi volutpat eleifend.', 102, 5, 7);
insert into books (id, pub_date, is_bestseller, slug, title, image, description, price, discount, author_id) values (7, '2013/09/21', 0, 'book-qbc-180', '12:01 PM', 'http://dummyimage.com/708x326.png/cc0000/ffffff', 'Duis aliquam convallis nunc. Proin at turpis a pede posuere nonummy. Integer non velit. Donec diam neque, vestibulum eget, vulputate ut, ultrices vel, augue. Vestibulum ante ipsum primis in faucibus orci luctus et ultrices posuere cubilia Curae; Donec pharetra, magna vestibulum aliquet ultrices, erat tortor sollicitudin mi, sit amet lobortis sapien sapien non mi. Integer ac neque.', 217, 1, 2);
insert into books (id, pub_date, is_bestseller, slug, title, image, description, price, discount, author_id) values (8, '2015/01/04', 0, 'book-lcm-961', 'Born Romantic', 'http://dummyimage.com/755x680.png/5fa2dd/ffffff', 'Vivamus tortor. Duis mattis egestas metus. Aenean fermentum. Donec ut mauris eget massa tempor convallis. Nulla neque libero, convallis eget, eleifend luctus, ultricies eu, nibh.', 1996, 2, 10);
insert into books (id, pub_date, is_bestseller, slug, title, image, description, price, discount, author_id) values (9, '2019/12/12', 0, 'book-dsw-636', 'Frankenstein Syndrome, The', 'http://dummyimage.com/484x351.png/cc0000/ffffff', 'Duis aliquam convallis nunc. Proin at turpis a pede posuere nonummy. Integer non velit. Donec diam neque, vestibulum eget, vulputate ut, ultrices vel, augue. Vestibulum ante ipsum primis in faucibus orci luctus et ultrices posuere cubilia Curae; Donec pharetra, magna vestibulum aliquet ultrices, erat tortor sollicitudin mi, sit amet lobortis sapien sapien non mi.', 380, 0, 21);
insert into books (id, pub_date, is_bestseller, slug, title, image, description, price, discount, author_id) values (10, '2015/05/22', 1, 'book-ahr-713', 'Maidens'' Conspiracy, The (Tirante el Blanco)', 'http://dummyimage.com/654x666.png/cc0000/ffffff', 'Morbi porttitor lorem id ligula. Suspendisse ornare consequat lectus. In est risus, auctor sed, tristique in, tempus sit amet, sem. Fusce consequat. Nulla nisl. Nunc nisl.', 880, 3, 7);
insert into books (id, pub_date, is_bestseller, slug, title, image, description, price, discount, author_id) values (11, '2019/07/23', 0, 'book-cxg-350', 'Generation P', 'http://dummyimage.com/783x478.png/cc0000/ffffff', 'Nulla justo. Aliquam quis turpis eget elit sodales scelerisque. Mauris sit amet eros. Suspendisse accumsan tortor quis turpis. Sed ante.', 879, 3, 1);
insert into books (id, pub_date, is_bestseller, slug, title, image, description, price, discount, author_id) values (12, '2015/03/22', 1, 'book-obj-110', '1066', 'http://dummyimage.com/638x517.png/5fa2dd/ffffff', 'Quisque porta volutpat erat. Quisque erat eros, viverra eget, congue eget, semper rutrum, nulla. Nunc purus. Phasellus in felis. Donec semper sapien a libero. Nam dui.', 466, 2, 15);
insert into books (id, pub_date, is_bestseller, slug, title, image, description, price, discount, author_id) values (13, '2011/05/12', 1, 'book-liy-978', 'Heartbeat', 'http://dummyimage.com/515x493.png/dddddd/000000', 'Morbi vestibulum, velit id pretium iaculis, diam erat fermentum justo, nec condimentum neque sapien placerat ante. Nulla justo. Aliquam quis turpis eget elit sodales scelerisque. Mauris sit amet eros. Suspendisse accumsan tortor quis turpis. Sed ante.', 1077, 0, 11);
insert into books (id, pub_date, is_bestseller, slug, title, image, description, price, discount, author_id) values (14, '2013/05/06', 1, 'book-hfr-231', 'Oh, Susanna!', 'http://dummyimage.com/662x620.png/cc0000/ffffff', 'Donec vitae nisi. Nam ultrices, libero non mattis pulvinar, nulla pede ullamcorper augue, a suscipit nulla elit ac nulla. Sed vel enim sit amet nunc viverra dapibus. Nulla suscipit ligula in lacus. Curabitur at ipsum ac tellus semper interdum.', 1016, 0, 21);
insert into books (id, pub_date, is_bestseller, slug, title, image, description, price, discount, author_id) values (15, '2017/07/14', 1, 'book-hsw-665', 'Adventures of Ford Fairlane, The', 'http://dummyimage.com/766x519.png/cc0000/ffffff', 'Morbi sem mauris, laoreet ut, rhoncus aliquet, pulvinar sed, nisl. Nunc rhoncus dui vel sem. Sed sagittis. Nam congue, risus semper porta volutpat, quam pede lobortis ligula, sit amet eleifend pede libero quis orci. Nullam molestie nibh in lectus.', 483, 0, 18);
insert into books (id, pub_date, is_bestseller, slug, title, image, description, price, discount, author_id) values (16, '2017/02/12', 1, 'book-ake-284', 'The great match', 'http://dummyimage.com/624x339.png/5fa2dd/ffffff', 'Morbi ut odio. Cras mi pede, malesuada in, imperdiet et, commodo vulputate, justo. In blandit ultrices enim. Lorem ipsum dolor sit amet, consectetuer adipiscing elit. Proin interdum mauris non ligula pellentesque ultrices.', 1205, 4, 6);
insert into books (id, pub_date, is_bestseller, slug, title, image, description, price, discount, author_id) values (17, '2020/09/28', 1, 'book-sqt-795', 'Mallrats', 'http://dummyimage.com/635x354.png/ff4444/ffffff', 'Quisque porta volutpat erat. Quisque erat eros, viverra eget, congue eget, semper rutrum, nulla. Nunc purus. Phasellus in felis. Donec semper sapien a libero. Nam dui.', 577, 2, 21);
insert into books (id, pub_date, is_bestseller, slug, title, image, description, price, discount, author_id) values (18, '2010/12/29', 1, 'book-rrk-856', 'Series 7: The Contenders', 'http://dummyimage.com/708x679.png/cc0000/ffffff', 'In tempor, turpis nec euismod scelerisque, quam turpis adipiscing lorem, vitae mattis nibh ligula nec sem. Duis aliquam convallis nunc. Proin at turpis a pede posuere nonummy. Integer non velit. Donec diam neque, vestibulum eget, vulputate ut, ultrices vel, augue. Vestibulum ante ipsum primis in faucibus orci luctus et ultrices posuere cubilia Curae; Donec pharetra, magna vestibulum aliquet ultrices, erat tortor sollicitudin mi, sit amet lobortis sapien sapien non mi.', 1667, 0, 3);
insert into books (id, pub_date, is_bestseller, slug, title, image, description, price, discount, author_id) values (19, '2018/08/10', 1, 'book-hkh-554', 'Zatoichi Meets the One-Armed Swordsman (Shin zat Ichi: Yabure! Tjin-ken) (Zatichi 22)', 'http://dummyimage.com/492x644.png/cc0000/ffffff', 'Phasellus in felis. Donec semper sapien a libero. Nam dui. Proin leo odio, porttitor id, consequat in, consequat ut, nulla. Sed accumsan felis. Ut at dolor quis odio consequat varius.', 2237, 4, 12);
insert into books (id, pub_date, is_bestseller, slug, title, image, description, price, discount, author_id) values (20, '2016/12/31', 0, 'book-xuh-218', 'My Left Eye Sees Ghosts (Ngo joh aan gin diy gwai)', 'http://dummyimage.com/337x427.png/cc0000/ffffff', 'Nam ultrices, libero non mattis pulvinar, nulla pede ullamcorper augue, a suscipit nulla elit ac nulla. Sed vel enim sit amet nunc viverra dapibus. Nulla suscipit ligula in lacus. Curabitur at ipsum ac tellus semper interdum. Mauris ullamcorper purus sit amet nulla. Quisque arcu libero, rutrum ac, lobortis vel, dapibus at, diam.', 1306, 3, 19);
insert into books (id, pub_date, is_bestseller, slug, title, image, description, price, discount, author_id) values (21, '2015/04/11', 0, 'book-efx-665', 'Three Wishes', 'http://dummyimage.com/651x514.png/cc0000/ffffff', 'In eleifend quam a odio. In hac habitasse platea dictumst. Maecenas ut massa quis augue luctus tincidunt. Nulla mollis molestie lorem. Quisque ut erat. Curabitur gravida nisi at nibh.', 822, 1, 20);
insert into books (id, pub_date, is_bestseller, slug, title, image, description, price, discount, author_id) values (22, '2011/11/21', 1, 'book-wad-734', 'Legend of the Guardians: The Owls of Ga''Hoole', 'http://dummyimage.com/786x327.png/5fa2dd/ffffff', 'Maecenas leo odio, condimentum id, luctus nec, molestie sed, justo. Pellentesque viverra pede ac diam. Cras pellentesque volutpat dui. Maecenas tristique, est et tempus semper, est quam pharetra magna, ac consequat metus sapien ut nunc. Vestibulum ante ipsum primis in faucibus orci luctus et ultrices posuere cubilia Curae; Mauris viverra diam vitae quam.', 275, 4, 4);
insert into books (id, pub_date, is_bestseller, slug, title, image, description, price, discount, author_id) values (23, '2010/11/20', 1, 'book-asi-123', '4', 'http://dummyimage.com/709x510.png/dddddd/000000', 'Phasellus in felis. Donec semper sapien a libero. Nam dui. Proin leo odio, porttitor id, consequat in, consequat ut, nulla. Sed accumsan felis. Ut at dolor quis odio consequat varius.', 394, 3, 11);
insert into books (id, pub_date, is_bestseller, slug, title, image, description, price, discount, author_id) values (24, '2017/12/07', 1, 'book-piw-264', 'Man with One Red Shoe, The', 'http://dummyimage.com/553x463.png/ff4444/ffffff', 'In est risus, auctor sed, tristique in, tempus sit amet, sem. Fusce consequat. Nulla nisl. Nunc nisl. Duis bibendum, felis sed interdum venenatis, turpis enim blandit mi, in porttitor pede justo eu massa. Donec dapibus.', 1711, 5, 13);
insert into books (id, pub_date, is_bestseller, slug, title, image, description, price, discount, author_id) values (25, '2016/05/01', 1, 'book-ipe-937', 'Lives of Others, The (Das leben der Anderen)', 'http://dummyimage.com/340x280.png/dddddd/000000', 'Nullam porttitor lacus at turpis. Donec posuere metus vitae ipsum. Aliquam non mauris. Morbi non lectus. Aliquam sit amet diam in magna bibendum imperdiet.', 2213, 0, 16);
insert into books (id, pub_date, is_bestseller, slug, title, image, description, price, discount, author_id) values (26, '2013/10/18', 0, 'book-jbp-652', 'Don''t Tempt Me (Sin noticias de Dios)', 'http://dummyimage.com/399x369.png/ff4444/ffffff', 'Vivamus vel nulla eget eros elementum pellentesque. Quisque porta volutpat erat. Quisque erat eros, viverra eget, congue eget, semper rutrum, nulla. Nunc purus. Phasellus in felis. Donec semper sapien a libero.', 1015, 3, 7);
insert into books (id, pub_date, is_bestseller, slug, title, image, description, price, discount, author_id) values (27, '2020/01/25', 1, 'book-beo-499', 'Six of a Kind', 'http://dummyimage.com/398x649.png/ff4444/ffffff', 'In eleifend quam a odio. In hac habitasse platea dictumst. Maecenas ut massa quis augue luctus tincidunt. Nulla mollis molestie lorem. Quisque ut erat. Curabitur gravida nisi at nibh.', 1357, 0, 1);
insert into books (id, pub_date, is_bestseller, slug, title, image, description, price, discount, author_id) values (28, '2012/12/30', 1, 'book-eof-861', 'Big Wedding, The', 'http://dummyimage.com/781x522.png/5fa2dd/ffffff', 'Vivamus vel nulla eget eros elementum pellentesque. Quisque porta volutpat erat. Quisque erat eros, viverra eget, congue eget, semper rutrum, nulla. Nunc purus. Phasellus in felis.', 298, 4, 3);
insert into books (id, pub_date, is_bestseller, slug, title, image, description, price, discount, author_id) values (29, '2020/08/29', 0, 'book-iob-021', 'Acacias, Las', 'http://dummyimage.com/692x774.png/ff4444/ffffff', 'Cum sociis natoque penatibus et magnis dis parturient montes, nascetur ridiculus mus. Etiam vel augue. Vestibulum rutrum rutrum neque. Aenean auctor gravida sem. Praesent id massa id nisl venenatis lacinia. Aenean sit amet justo.', 1292, 1, 10);
insert into books (id, pub_date, is_bestseller, slug, title, image, description, price, discount, author_id) values (30, '2014/09/15', 1, 'book-rca-214', 'Vince Vaughn''s Wild West Comedy Show: 30 Days & 30 Nights - Hollywood to the Heartland', 'http://dummyimage.com/300x567.png/ff4444/ffffff', 'Maecenas tristique, est et tempus semper, est quam pharetra magna, ac consequat metus sapien ut nunc. Vestibulum ante ipsum primis in faucibus orci luctus et ultrices posuere cubilia Curae; Mauris viverra diam vitae quam. Suspendisse potenti. Nullam porttitor lacus at turpis. Donec posuere metus vitae ipsum.', 1061, 1, 16);
insert into books (id, pub_date, is_bestseller, slug, title, image, description, price, discount, author_id) values (31, '2014/12/29', 1, 'book-cmt-975', 'Life is a Bed of Roses (Vie est un roman, La)', 'http://dummyimage.com/494x428.png/5fa2dd/ffffff', 'Vestibulum ac est lacinia nisi venenatis tristique. Fusce congue, diam id ornare imperdiet, sapien urna pretium nisl, ut volutpat sapien arcu sed augue. Aliquam erat volutpat. In congue. Etiam justo.', 2388, 1, 16);
insert into books (id, pub_date, is_bestseller, slug, title, image, description, price, discount, author_id) values (32, '2018/10/04', 1, 'book-iky-028', 'Red Hook Summer', 'http://dummyimage.com/424x440.png/cc0000/ffffff', 'In sagittis dui vel nisl. Duis ac nibh. Fusce lacus purus, aliquet at, feugiat non, pretium quis, lectus. Suspendisse potenti. In eleifend quam a odio.', 2248, 0, 3);
insert into books (id, pub_date, is_bestseller, slug, title, image, description, price, discount, author_id) values (33, '2016/10/25', 1, 'book-gqn-956', 'Hearts in Atlantis', 'http://dummyimage.com/588x394.png/ff4444/ffffff', 'Praesent blandit. Nam nulla. Integer pede justo, lacinia eget, tincidunt eget, tempus vel, pede. Morbi porttitor lorem id ligula. Suspendisse ornare consequat lectus. In est risus, auctor sed, tristique in, tempus sit amet, sem.', 1112, 0, 4);
insert into books (id, pub_date, is_bestseller, slug, title, image, description, price, discount, author_id) values (34, '2018/10/24', 0, 'book-isq-489', 'Rabbit Hole', 'http://dummyimage.com/558x730.png/cc0000/ffffff', 'Suspendisse potenti. Nullam porttitor lacus at turpis. Donec posuere metus vitae ipsum. Aliquam non mauris. Morbi non lectus. Aliquam sit amet diam in magna bibendum imperdiet.', 1242, 1, 2);
insert into books (id, pub_date, is_bestseller, slug, title, image, description, price, discount, author_id) values (35, '2014/03/11', 1, 'book-ifk-080', 'Me and the Colonel ', 'http://dummyimage.com/374x426.png/5fa2dd/ffffff', 'Vestibulum ante ipsum primis in faucibus orci luctus et ultrices posuere cubilia Curae; Donec pharetra, magna vestibulum aliquet ultrices, erat tortor sollicitudin mi, sit amet lobortis sapien sapien non mi. Integer ac neque. Duis bibendum. Morbi non quam nec dui luctus rutrum. Nulla tellus. In sagittis dui vel nisl.', 2094, 4, 11);
insert into books (id, pub_date, is_bestseller, slug, title, image, description, price, discount, author_id) values (36, '2018/06/03', 0, 'book-zbk-619', 'Young Poisoner''s Handbook, The', 'http://dummyimage.com/335x352.png/cc0000/ffffff', 'Morbi non quam nec dui luctus rutrum. Nulla tellus. In sagittis dui vel nisl. Duis ac nibh. Fusce lacus purus, aliquet at, feugiat non, pretium quis, lectus.', 2237, 5, 3);
insert into books (id, pub_date, is_bestseller, slug, title, image, description, price, discount, author_id) values (37, '2013/09/30', 1, 'book-bnw-712', 'Five Angles on Murder', 'http://dummyimage.com/311x763.png/5fa2dd/ffffff', 'Sed vel enim sit amet nunc viverra dapibus. Nulla suscipit ligula in lacus. Curabitur at ipsum ac tellus semper interdum. Mauris ullamcorper purus sit amet nulla. Quisque arcu libero, rutrum ac, lobortis vel, dapibus at, diam. Nam tristique tortor eu pede.', 1882, 4, 2);
insert into books (id, pub_date, is_bestseller, slug, title, image, description, price, discount, author_id) values (38, '2020/08/02', 0, 'book-dcn-472', 'Loss of a Teardrop Diamond, The', 'http://dummyimage.com/624x790.png/dddddd/000000', 'Lorem ipsum dolor sit amet, consectetuer adipiscing elit. Proin interdum mauris non ligula pellentesque ultrices. Phasellus id sapien in sapien iaculis congue. Vivamus metus arcu, adipiscing molestie, hendrerit at, vulputate vitae, nisl. Aenean lectus. Pellentesque eget nunc.', 977, 0, 1);
insert into books (id, pub_date, is_bestseller, slug, title, image, description, price, discount, author_id) values (39, '2011/12/17', 1, 'book-nrw-817', 'Sex Galaxy', 'http://dummyimage.com/475x524.png/cc0000/ffffff', 'Pellentesque ultrices mattis odio. Donec vitae nisi. Nam ultrices, libero non mattis pulvinar, nulla pede ullamcorper augue, a suscipit nulla elit ac nulla. Sed vel enim sit amet nunc viverra dapibus. Nulla suscipit ligula in lacus. Curabitur at ipsum ac tellus semper interdum.', 1529, 4, 17);
insert into books (id, pub_date, is_bestseller, slug, title, image, description, price, discount, author_id) values (40, '2019/10/13', 1, 'book-mss-997', 'Time of Roses (Ruusujen aika)', 'http://dummyimage.com/664x620.png/ff4444/ffffff', 'In tempor, turpis nec euismod scelerisque, quam turpis adipiscing lorem, vitae mattis nibh ligula nec sem. Duis aliquam convallis nunc. Proin at turpis a pede posuere nonummy. Integer non velit. Donec diam neque, vestibulum eget, vulputate ut, ultrices vel, augue.', 2139, 5, 17);
insert into books (id, pub_date, is_bestseller, slug, title, image, description, price, discount, author_id) values (41, '2014/07/04', 1, 'book-ixb-513', 'The Identical', 'http://dummyimage.com/314x768.png/ff4444/ffffff', 'In hac habitasse platea dictumst. Etiam faucibus cursus urna. Ut tellus. Nulla ut erat id mauris vulputate elementum. Nullam varius.', 667, 5, 1);
insert into books (id, pub_date, is_bestseller, slug, title, image, description, price, discount, author_id) values (42, '2020/08/18', 0, 'book-tes-685', 'Stranger, The (Straniero, Lo)', 'http://dummyimage.com/545x327.png/ff4444/ffffff', 'Morbi porttitor lorem id ligula. Suspendisse ornare consequat lectus. In est risus, auctor sed, tristique in, tempus sit amet, sem. Fusce consequat. Nulla nisl. Nunc nisl.', 1154, 3, 7);
insert into books (id, pub_date, is_bestseller, slug, title, image, description, price, discount, author_id) values (43, '2016/10/03', 1, 'book-xac-319', 'Lady Death', 'http://dummyimage.com/616x508.png/cc0000/ffffff', 'Sed sagittis. Nam congue, risus semper porta volutpat, quam pede lobortis ligula, sit amet eleifend pede libero quis orci. Nullam molestie nibh in lectus. Pellentesque at nulla. Suspendisse potenti. Cras in purus eu magna vulputate luctus.', 539, 1, 10);
insert into books (id, pub_date, is_bestseller, slug, title, image, description, price, discount, author_id) values (44, '2015/03/17', 0, 'book-ryc-693', 'Freddy Got Fingered', 'http://dummyimage.com/656x683.png/ff4444/ffffff', 'Duis mattis egestas metus. Aenean fermentum. Donec ut mauris eget massa tempor convallis. Nulla neque libero, convallis eget, eleifend luctus, ultricies eu, nibh. Quisque id justo sit amet sapien dignissim vestibulum. Vestibulum ante ipsum primis in faucibus orci luctus et ultrices posuere cubilia Curae; Nulla dapibus dolor vel est.', 686, 5, 20);
insert into books (id, pub_date, is_bestseller, slug, title, image, description, price, discount, author_id) values (45, '2018/04/02', 0, 'book-epc-586', 'Liliom', 'http://dummyimage.com/800x776.png/cc0000/ffffff', 'Pellentesque at nulla. Suspendisse potenti. Cras in purus eu magna vulputate luctus. Cum sociis natoque penatibus et magnis dis parturient montes, nascetur ridiculus mus. Vivamus vestibulum sagittis sapien. Cum sociis natoque penatibus et magnis dis parturient montes, nascetur ridiculus mus.', 1145, 4, 15);
insert into books (id, pub_date, is_bestseller, slug, title, image, description, price, discount, author_id) values (46, '2017/01/17', 1, 'book-jyu-939', 'Chasers, The (Jakten)', 'http://dummyimage.com/522x528.png/dddddd/000000', 'Fusce lacus purus, aliquet at, feugiat non, pretium quis, lectus. Suspendisse potenti. In eleifend quam a odio. In hac habitasse platea dictumst. Maecenas ut massa quis augue luctus tincidunt.', 2310, 5, 17);
insert into books (id, pub_date, is_bestseller, slug, title, image, description, price, discount, author_id) values (47, '2014/03/27', 1, 'book-inm-654', 'Within the Woods', 'http://dummyimage.com/326x256.png/cc0000/ffffff', 'Proin leo odio, porttitor id, consequat in, consequat ut, nulla. Sed accumsan felis. Ut at dolor quis odio consequat varius. Integer ac leo. Pellentesque ultrices mattis odio.', 1293, 2, 20);
insert into books (id, pub_date, is_bestseller, slug, title, image, description, price, discount, author_id) values (48, '2016/06/06', 0, 'book-uiq-387', 'Death Wish 3', 'http://dummyimage.com/476x321.png/cc0000/ffffff', 'Morbi porttitor lorem id ligula. Suspendisse ornare consequat lectus. In est risus, auctor sed, tristique in, tempus sit amet, sem. Fusce consequat. Nulla nisl. Nunc nisl.', 1381, 1, 21);
insert into books (id, pub_date, is_bestseller, slug, title, image, description, price, discount, author_id) values (49, '2015/10/10', 1, 'book-tyh-547', 'See You in the Morning', 'http://dummyimage.com/298x269.png/ff4444/ffffff', 'Maecenas tristique, est et tempus semper, est quam pharetra magna, ac consequat metus sapien ut nunc. Vestibulum ante ipsum primis in faucibus orci luctus et ultrices posuere cubilia Curae; Mauris viverra diam vitae quam. Suspendisse potenti. Nullam porttitor lacus at turpis. Donec posuere metus vitae ipsum. Aliquam non mauris.', 2197, 4, 16);
insert into books (id, pub_date, is_bestseller, slug, title, image, description, price, discount, author_id) values (50, '2011/02/23', 0, 'book-prj-306', 'Proposition, The', 'http://dummyimage.com/534x457.png/5fa2dd/ffffff', 'Pellentesque eget nunc. Donec quis orci eget orci vehicula condimentum. Curabitur in libero ut massa volutpat convallis. Morbi odio odio, elementum eu, interdum eu, tincidunt in, leo. Maecenas pulvinar lobortis est.', 1785, 5, 5);
insert into books (id, pub_date, is_bestseller, slug, title, image, description, price, discount, author_id) values (51, '2013/08/23', 0, 'book-bnw-451', 'Project X', 'http://dummyimage.com/624x529.png/ff4444/ffffff', 'Pellentesque viverra pede ac diam. Cras pellentesque volutpat dui. Maecenas tristique, est et tempus semper, est quam pharetra magna, ac consequat metus sapien ut nunc. Vestibulum ante ipsum primis in faucibus orci luctus et ultrices posuere cubilia Curae; Mauris viverra diam vitae quam. Suspendisse potenti.', 283, 5, 12);
insert into books (id, pub_date, is_bestseller, slug, title, image, description, price, discount, author_id) values (52, '2020/02/03', 0, 'book-rly-808', 'Twisted Nerve', 'http://dummyimage.com/716x467.png/cc0000/ffffff', 'Cras non velit nec nisi vulputate nonummy. Maecenas tincidunt lacus at velit. Vivamus vel nulla eget eros elementum pellentesque. Quisque porta volutpat erat. Quisque erat eros, viverra eget, congue eget, semper rutrum, nulla.', 1859, 1, 10);
insert into books (id, pub_date, is_bestseller, slug, title, image, description, price, discount, author_id) values (53, '2018/03/24', 0, 'book-obx-888', 'Newest Pledge, The', 'http://dummyimage.com/643x295.png/dddddd/000000', 'In eleifend quam a odio. In hac habitasse platea dictumst. Maecenas ut massa quis augue luctus tincidunt. Nulla mollis molestie lorem. Quisque ut erat.', 1705, 2, 3);
insert into books (id, pub_date, is_bestseller, slug, title, image, description, price, discount, author_id) values (54, '2015/11/21', 0, 'book-nah-526', 'Mask of Dimitrios, The', 'http://dummyimage.com/537x537.png/ff4444/ffffff', 'Nullam porttitor lacus at turpis. Donec posuere metus vitae ipsum. Aliquam non mauris. Morbi non lectus. Aliquam sit amet diam in magna bibendum imperdiet.', 1215, 2, 3);
insert into books (id, pub_date, is_bestseller, slug, title, image, description, price, discount, author_id) values (55, '2013/05/04', 1, 'book-vgz-599', 'A Chairy Tale', 'http://dummyimage.com/315x665.png/5fa2dd/ffffff', 'Donec semper sapien a libero. Nam dui. Proin leo odio, porttitor id, consequat in, consequat ut, nulla. Sed accumsan felis. Ut at dolor quis odio consequat varius. Integer ac leo.', 898, 5, 8);
insert into books (id, pub_date, is_bestseller, slug, title, image, description, price, discount, author_id) values (56, '2015/06/09', 1, 'book-fqc-383', 'Birdsong (Cant dels ocells, El)', 'http://dummyimage.com/534x333.png/dddddd/000000', 'Etiam pretium iaculis justo. In hac habitasse platea dictumst. Etiam faucibus cursus urna. Ut tellus. Nulla ut erat id mauris vulputate elementum. Nullam varius.', 605, 0, 12);
insert into books (id, pub_date, is_bestseller, slug, title, image, description, price, discount, author_id) values (57, '2017/12/19', 1, 'book-vds-243', 'Heart and Souls', 'http://dummyimage.com/561x609.png/cc0000/ffffff', 'Phasellus in felis. Donec semper sapien a libero. Nam dui. Proin leo odio, porttitor id, consequat in, consequat ut, nulla. Sed accumsan felis.', 389, 5, 19);
insert into books (id, pub_date, is_bestseller, slug, title, image, description, price, discount, author_id) values (58, '2011/12/17', 1, 'book-det-542', 'Forgive Me', 'http://dummyimage.com/605x281.png/dddddd/000000', 'Nulla mollis molestie lorem. Quisque ut erat. Curabitur gravida nisi at nibh. In hac habitasse platea dictumst. Aliquam augue quam, sollicitudin vitae, consectetuer eget, rutrum at, lorem.', 534, 1, 15);
insert into books (id, pub_date, is_bestseller, slug, title, image, description, price, discount, author_id) values (59, '2019/09/19', 1, 'book-jci-240', 'Swing Shift', 'http://dummyimage.com/749x740.png/5fa2dd/ffffff', 'In hac habitasse platea dictumst. Maecenas ut massa quis augue luctus tincidunt. Nulla mollis molestie lorem. Quisque ut erat. Curabitur gravida nisi at nibh.', 2146, 1, 3);
insert into books (id, pub_date, is_bestseller, slug, title, image, description, price, discount, author_id) values (60, '2020/10/19', 1, 'book-ejk-718', 'Tales from Earthsea (Gedo Senki)', 'http://dummyimage.com/682x699.png/ff4444/ffffff', 'Morbi vel lectus in quam fringilla rhoncus. Mauris enim leo, rhoncus sed, vestibulum sit amet, cursus id, turpis. Integer aliquet, massa id lobortis convallis, tortor risus dapibus augue, vel accumsan tellus nisi eu orci. Mauris lacinia sapien quis libero. Nullam sit amet turpis elementum ligula vehicula consequat.', 200, 0, 17);
insert into books (id, pub_date, is_bestseller, slug, title, image, description, price, discount, author_id) values (61, '2016/12/19', 1, 'book-eyf-441', 'I Smile Back', 'http://dummyimage.com/669x479.png/cc0000/ffffff', 'Phasellus sit amet erat. Nulla tempus. Vivamus in felis eu sapien cursus vestibulum. Proin eu mi. Nulla ac enim. In tempor, turpis nec euismod scelerisque, quam turpis adipiscing lorem, vitae mattis nibh ligula nec sem.', 1050, 1, 2);
insert into books (id, pub_date, is_bestseller, slug, title, image, description, price, discount, author_id) values (62, '2017/10/06', 0, 'book-gve-695', 'Moneyball', 'http://dummyimage.com/282x577.png/5fa2dd/ffffff', 'Vivamus tortor. Duis mattis egestas metus. Aenean fermentum. Donec ut mauris eget massa tempor convallis. Nulla neque libero, convallis eget, eleifend luctus, ultricies eu, nibh.', 1307, 2, 1);
insert into books (id, pub_date, is_bestseller, slug, title, image, description, price, discount, author_id) values (63, '2012/06/04', 1, 'book-zpv-330', 'Charlie Chan Carries On', 'http://dummyimage.com/596x609.png/5fa2dd/ffffff', 'Phasellus id sapien in sapien iaculis congue. Vivamus metus arcu, adipiscing molestie, hendrerit at, vulputate vitae, nisl. Aenean lectus. Pellentesque eget nunc. Donec quis orci eget orci vehicula condimentum.', 2061, 4, 17);
insert into books (id, pub_date, is_bestseller, slug, title, image, description, price, discount, author_id) values (64, '2017/11/26', 1, 'book-jkr-674', 'Gossip', 'http://dummyimage.com/465x397.png/5fa2dd/ffffff', 'Nam nulla. Integer pede justo, lacinia eget, tincidunt eget, tempus vel, pede. Morbi porttitor lorem id ligula. Suspendisse ornare consequat lectus. In est risus, auctor sed, tristique in, tempus sit amet, sem.', 1874, 5, 20);
insert into books (id, pub_date, is_bestseller, slug, title, image, description, price, discount, author_id) values (65, '2015/10/11', 0, 'book-jhn-287', 'Proposal, The', 'http://dummyimage.com/425x562.png/5fa2dd/ffffff', 'Nulla neque libero, convallis eget, eleifend luctus, ultricies eu, nibh. Quisque id justo sit amet sapien dignissim vestibulum. Vestibulum ante ipsum primis in faucibus orci luctus et ultrices posuere cubilia Curae; Nulla dapibus dolor vel est. Donec odio justo, sollicitudin ut, suscipit a, feugiat et, eros. Vestibulum ac est lacinia nisi venenatis tristique.', 432, 5, 17);
insert into books (id, pub_date, is_bestseller, slug, title, image, description, price, discount, author_id) values (66, '2016/05/21', 1, 'book-crx-843', 'Prince of Persia: The Sands of Time', 'http://dummyimage.com/313x732.png/cc0000/ffffff', 'Quisque ut erat. Curabitur gravida nisi at nibh. In hac habitasse platea dictumst. Aliquam augue quam, sollicitudin vitae, consectetuer eget, rutrum at, lorem. Integer tincidunt ante vel ipsum. Praesent blandit lacinia erat.', 859, 2, 16);
insert into books (id, pub_date, is_bestseller, slug, title, image, description, price, discount, author_id) values (67, '2012/05/07', 0, 'book-slv-231', 'Guarding Tess', 'http://dummyimage.com/725x432.png/cc0000/ffffff', 'Morbi sem mauris, laoreet ut, rhoncus aliquet, pulvinar sed, nisl. Nunc rhoncus dui vel sem. Sed sagittis. Nam congue, risus semper porta volutpat, quam pede lobortis ligula, sit amet eleifend pede libero quis orci. Nullam molestie nibh in lectus. Pellentesque at nulla.', 774, 2, 6);
insert into books (id, pub_date, is_bestseller, slug, title, image, description, price, discount, author_id) values (68, '2012/11/25', 0, 'book-pcx-927', 'Fool There Was, A', 'http://dummyimage.com/600x553.png/cc0000/ffffff', 'Etiam vel augue. Vestibulum rutrum rutrum neque. Aenean auctor gravida sem. Praesent id massa id nisl venenatis lacinia. Aenean sit amet justo.', 2206, 3, 17);
insert into books (id, pub_date, is_bestseller, slug, title, image, description, price, discount, author_id) values (69, '2012/10/07', 1, 'book-fpq-039', 'Private Function, A', 'http://dummyimage.com/718x734.png/dddddd/000000', 'Morbi vel lectus in quam fringilla rhoncus. Mauris enim leo, rhoncus sed, vestibulum sit amet, cursus id, turpis. Integer aliquet, massa id lobortis convallis, tortor risus dapibus augue, vel accumsan tellus nisi eu orci. Mauris lacinia sapien quis libero. Nullam sit amet turpis elementum ligula vehicula consequat.', 217, 3, 6);
insert into books (id, pub_date, is_bestseller, slug, title, image, description, price, discount, author_id) values (70, '2017/12/27', 0, 'book-syr-231', 'Club Dread', 'http://dummyimage.com/579x352.png/cc0000/ffffff', 'Pellentesque eget nunc. Donec quis orci eget orci vehicula condimentum. Curabitur in libero ut massa volutpat convallis. Morbi odio odio, elementum eu, interdum eu, tincidunt in, leo. Maecenas pulvinar lobortis est.', 1878, 5, 5);
insert into books (id, pub_date, is_bestseller, slug, title, image, description, price, discount, author_id) values (71, '2013/08/13', 0, 'book-obi-424', 'Fate of a Man (Sudba cheloveka)', 'http://dummyimage.com/682x443.png/5fa2dd/ffffff', 'Nulla tellus. In sagittis dui vel nisl. Duis ac nibh. Fusce lacus purus, aliquet at, feugiat non, pretium quis, lectus. Suspendisse potenti. In eleifend quam a odio.', 1560, 1, 8);
insert into books (id, pub_date, is_bestseller, slug, title, image, description, price, discount, author_id) values (72, '2013/02/14', 0, 'book-apo-101', 'Sushi Girl', 'http://dummyimage.com/755x386.png/dddddd/000000', 'Morbi vestibulum, velit id pretium iaculis, diam erat fermentum justo, nec condimentum neque sapien placerat ante. Nulla justo. Aliquam quis turpis eget elit sodales scelerisque. Mauris sit amet eros. Suspendisse accumsan tortor quis turpis. Sed ante.', 645, 3, 17);
insert into books (id, pub_date, is_bestseller, slug, title, image, description, price, discount, author_id) values (73, '2012/10/16', 1, 'book-tic-667', 'Cadillac Records', 'http://dummyimage.com/659x624.png/dddddd/000000', 'In eleifend quam a odio. In hac habitasse platea dictumst. Maecenas ut massa quis augue luctus tincidunt. Nulla mollis molestie lorem. Quisque ut erat.', 2271, 4, 21);
insert into books (id, pub_date, is_bestseller, slug, title, image, description, price, discount, author_id) values (74, '2020/03/11', 0, 'book-eiq-087', 'Midnight in the Garden of Good and Evil', 'http://dummyimage.com/382x265.png/5fa2dd/ffffff', 'Integer ac leo. Pellentesque ultrices mattis odio. Donec vitae nisi. Nam ultrices, libero non mattis pulvinar, nulla pede ullamcorper augue, a suscipit nulla elit ac nulla. Sed vel enim sit amet nunc viverra dapibus.', 1647, 1, 11);
insert into books (id, pub_date, is_bestseller, slug, title, image, description, price, discount, author_id) values (75, '2012/06/20', 1, 'book-wmo-532', 'Questioning Darwin', 'http://dummyimage.com/385x739.png/dddddd/000000', 'Quisque id justo sit amet sapien dignissim vestibulum. Vestibulum ante ipsum primis in faucibus orci luctus et ultrices posuere cubilia Curae; Nulla dapibus dolor vel est. Donec odio justo, sollicitudin ut, suscipit a, feugiat et, eros. Vestibulum ac est lacinia nisi venenatis tristique. Fusce congue, diam id ornare imperdiet, sapien urna pretium nisl, ut volutpat sapien arcu sed augue.', 1852, 3, 7);
insert into books (id, pub_date, is_bestseller, slug, title, image, description, price, discount, author_id) values (76, '2011/06/05', 1, 'book-trj-998', 'Deadly Trackers, The', 'http://dummyimage.com/361x779.png/ff4444/ffffff', 'Mauris lacinia sapien quis libero. Nullam sit amet turpis elementum ligula vehicula consequat. Morbi a ipsum. Integer a nibh. In quis justo.', 358, 1, 16);
insert into books (id, pub_date, is_bestseller, slug, title, image, description, price, discount, author_id) values (77, '2012/08/07', 0, 'book-kbv-621', 'Legend of the Red Dragon (a.k.a. New Legend of Shaolin, The) (Hong Xi Guan: Zhi Shao Lin wu zu)', 'http://dummyimage.com/725x383.png/5fa2dd/ffffff', 'Duis bibendum, felis sed interdum venenatis, turpis enim blandit mi, in porttitor pede justo eu massa. Donec dapibus. Duis at velit eu est congue elementum. In hac habitasse platea dictumst. Morbi vestibulum, velit id pretium iaculis, diam erat fermentum justo, nec condimentum neque sapien placerat ante. Nulla justo.', 246, 5, 19);
insert into books (id, pub_date, is_bestseller, slug, title, image, description, price, discount, author_id) values (78, '2017/07/15', 0, 'book-iws-833', 'Tank on the Moon', 'http://dummyimage.com/250x493.png/cc0000/ffffff', 'Sed sagittis. Nam congue, risus semper porta volutpat, quam pede lobortis ligula, sit amet eleifend pede libero quis orci. Nullam molestie nibh in lectus. Pellentesque at nulla. Suspendisse potenti.', 2025, 3, 3);
insert into books (id, pub_date, is_bestseller, slug, title, image, description, price, discount, author_id) values (79, '2018/04/10', 0, 'book-ird-179', 'Bloodbrothers', 'http://dummyimage.com/561x616.png/cc0000/ffffff', 'Suspendisse ornare consequat lectus. In est risus, auctor sed, tristique in, tempus sit amet, sem. Fusce consequat. Nulla nisl. Nunc nisl. Duis bibendum, felis sed interdum venenatis, turpis enim blandit mi, in porttitor pede justo eu massa.', 826, 5, 2);
insert into books (id, pub_date, is_bestseller, slug, title, image, description, price, discount, author_id) values (80, '2013/07/19', 1, 'book-xoa-758', 'Reivers, The', 'http://dummyimage.com/447x312.png/dddddd/000000', 'Maecenas leo odio, condimentum id, luctus nec, molestie sed, justo. Pellentesque viverra pede ac diam. Cras pellentesque volutpat dui. Maecenas tristique, est et tempus semper, est quam pharetra magna, ac consequat metus sapien ut nunc. Vestibulum ante ipsum primis in faucibus orci luctus et ultrices posuere cubilia Curae; Mauris viverra diam vitae quam.', 1770, 2, 13);
insert into books (id, pub_date, is_bestseller, slug, title, image, description, price, discount, author_id) values (81, '2016/03/07', 1, 'book-has-630', 'Cat and the Canary, The', 'http://dummyimage.com/684x271.png/ff4444/ffffff', 'Nulla tellus. In sagittis dui vel nisl. Duis ac nibh. Fusce lacus purus, aliquet at, feugiat non, pretium quis, lectus. Suspendisse potenti.', 1797, 2, 1);
insert into books (id, pub_date, is_bestseller, slug, title, image, description, price, discount, author_id) values (82, '2012/10/07', 0, 'book-gag-284', 'Stick It', 'http://dummyimage.com/476x608.png/5fa2dd/ffffff', 'Cras non velit nec nisi vulputate nonummy. Maecenas tincidunt lacus at velit. Vivamus vel nulla eget eros elementum pellentesque. Quisque porta volutpat erat. Quisque erat eros, viverra eget, congue eget, semper rutrum, nulla.', 1421, 2, 19);
insert into books (id, pub_date, is_bestseller, slug, title, image, description, price, discount, author_id) values (83, '2014/04/22', 0, 'book-yrn-106', 'Romero', 'http://dummyimage.com/589x424.png/cc0000/ffffff', 'Vestibulum ante ipsum primis in faucibus orci luctus et ultrices posuere cubilia Curae; Nulla dapibus dolor vel est. Donec odio justo, sollicitudin ut, suscipit a, feugiat et, eros. Vestibulum ac est lacinia nisi venenatis tristique. Fusce congue, diam id ornare imperdiet, sapien urna pretium nisl, ut volutpat sapien arcu sed augue. Aliquam erat volutpat.', 1296, 5, 16);
insert into books (id, pub_date, is_bestseller, slug, title, image, description, price, discount, author_id) values (84, '2012/11/11', 0, 'book-oki-524', 'Employment, The (Empleo, El)', 'http://dummyimage.com/510x577.png/dddddd/000000', 'In quis justo. Maecenas rhoncus aliquam lacus. Morbi quis tortor id nulla ultrices aliquet. Maecenas leo odio, condimentum id, luctus nec, molestie sed, justo. Pellentesque viverra pede ac diam. Cras pellentesque volutpat dui.', 2188, 2, 11);
insert into books (id, pub_date, is_bestseller, slug, title, image, description, price, discount, author_id) values (85, '2014/01/06', 1, 'book-vbt-081', 'This Is My Life', 'http://dummyimage.com/252x440.png/cc0000/ffffff', 'Fusce lacus purus, aliquet at, feugiat non, pretium quis, lectus. Suspendisse potenti. In eleifend quam a odio. In hac habitasse platea dictumst. Maecenas ut massa quis augue luctus tincidunt. Nulla mollis molestie lorem.', 1758, 2, 16);
insert into books (id, pub_date, is_bestseller, slug, title, image, description, price, discount, author_id) values (86, '2018/01/25', 0, 'book-vhm-337', 'Lucia', 'http://dummyimage.com/566x291.png/ff4444/ffffff', 'Proin interdum mauris non ligula pellentesque ultrices. Phasellus id sapien in sapien iaculis congue. Vivamus metus arcu, adipiscing molestie, hendrerit at, vulputate vitae, nisl. Aenean lectus. Pellentesque eget nunc. Donec quis orci eget orci vehicula condimentum.', 2243, 2, 5);
insert into books (id, pub_date, is_bestseller, slug, title, image, description, price, discount, author_id) values (87, '2017/08/01', 0, 'book-nko-200', 'Stand-In', 'http://dummyimage.com/544x758.png/5fa2dd/ffffff', 'Proin eu mi. Nulla ac enim. In tempor, turpis nec euismod scelerisque, quam turpis adipiscing lorem, vitae mattis nibh ligula nec sem. Duis aliquam convallis nunc. Proin at turpis a pede posuere nonummy.', 397, 1, 18);
insert into books (id, pub_date, is_bestseller, slug, title, image, description, price, discount, author_id) values (88, '2016/12/06', 0, 'book-brq-358', 'Four Days of Naples, The (Le quattro giornate di Napoli)', 'http://dummyimage.com/558x339.png/dddddd/000000', 'Quisque porta volutpat erat. Quisque erat eros, viverra eget, congue eget, semper rutrum, nulla. Nunc purus. Phasellus in felis. Donec semper sapien a libero.', 1854, 4, 6);
insert into books (id, pub_date, is_bestseller, slug, title, image, description, price, discount, author_id) values (89, '2011/02/21', 0, 'book-vkn-409', 'Poolhall Junkies', 'http://dummyimage.com/302x434.png/5fa2dd/ffffff', 'Proin eu mi. Nulla ac enim. In tempor, turpis nec euismod scelerisque, quam turpis adipiscing lorem, vitae mattis nibh ligula nec sem. Duis aliquam convallis nunc. Proin at turpis a pede posuere nonummy.', 440, 1, 12);
insert into books (id, pub_date, is_bestseller, slug, title, image, description, price, discount, author_id) values (90, '2016/09/27', 1, 'book-aap-583', 'Sound of Thunder, A', 'http://dummyimage.com/616x319.png/ff4444/ffffff', 'Nullam molestie nibh in lectus. Pellentesque at nulla. Suspendisse potenti. Cras in purus eu magna vulputate luctus. Cum sociis natoque penatibus et magnis dis parturient montes, nascetur ridiculus mus. Vivamus vestibulum sagittis sapien.', 659, 0, 20);
insert into books (id, pub_date, is_bestseller, slug, title, image, description, price, discount, author_id) values (91, '2018/04/06', 1, 'book-moa-232', 'Deadgirl', 'http://dummyimage.com/732x319.png/cc0000/ffffff', 'Lorem ipsum dolor sit amet, consectetuer adipiscing elit. Proin risus. Praesent lectus. Vestibulum quam sapien, varius ut, blandit non, interdum in, ante. Vestibulum ante ipsum primis in faucibus orci luctus et ultrices posuere cubilia Curae; Duis faucibus accumsan odio. Curabitur convallis.', 915, 5, 1);
insert into books (id, pub_date, is_bestseller, slug, title, image, description, price, discount, author_id) values (92, '2019/03/09', 1, 'book-pnl-953', 'We Are from the Future (My iz budushchego)', 'http://dummyimage.com/450x326.png/dddddd/000000', 'Phasellus id sapien in sapien iaculis congue. Vivamus metus arcu, adipiscing molestie, hendrerit at, vulputate vitae, nisl. Aenean lectus. Pellentesque eget nunc. Donec quis orci eget orci vehicula condimentum. Curabitur in libero ut massa volutpat convallis.', 185, 2, 19);
insert into books (id, pub_date, is_bestseller, slug, title, image, description, price, discount, author_id) values (93, '2018/06/15', 1, 'book-ogv-546', 'Husbands', 'http://dummyimage.com/495x594.png/dddddd/000000', 'Aenean lectus. Pellentesque eget nunc. Donec quis orci eget orci vehicula condimentum. Curabitur in libero ut massa volutpat convallis. Morbi odio odio, elementum eu, interdum eu, tincidunt in, leo. Maecenas pulvinar lobortis est.', 486, 4, 14);
insert into books (id, pub_date, is_bestseller, slug, title, image, description, price, discount, author_id) values (94, '2014/03/18', 0, 'book-cin-148', 'Warren Oates: Across the Border', 'http://dummyimage.com/689x562.png/ff4444/ffffff', 'Morbi quis tortor id nulla ultrices aliquet. Maecenas leo odio, condimentum id, luctus nec, molestie sed, justo. Pellentesque viverra pede ac diam. Cras pellentesque volutpat dui. Maecenas tristique, est et tempus semper, est quam pharetra magna, ac consequat metus sapien ut nunc.', 1644, 4, 1);
insert into books (id, pub_date, is_bestseller, slug, title, image, description, price, discount, author_id) values (95, '2015/08/15', 1, 'book-hdq-236', 'Don''s Plum', 'http://dummyimage.com/581x722.png/ff4444/ffffff', 'Etiam pretium iaculis justo. In hac habitasse platea dictumst. Etiam faucibus cursus urna. Ut tellus. Nulla ut erat id mauris vulputate elementum.', 1288, 4, 6);
insert into books (id, pub_date, is_bestseller, slug, title, image, description, price, discount, author_id) values (96, '2019/04/11', 0, 'book-qkl-169', 'Sylvia Scarlett', 'http://dummyimage.com/512x713.png/ff4444/ffffff', 'Donec odio justo, sollicitudin ut, suscipit a, feugiat et, eros. Vestibulum ac est lacinia nisi venenatis tristique. Fusce congue, diam id ornare imperdiet, sapien urna pretium nisl, ut volutpat sapien arcu sed augue. Aliquam erat volutpat. In congue.', 1794, 0, 5);
insert into books (id, pub_date, is_bestseller, slug, title, image, description, price, discount, author_id) values (97, '2016/05/23', 1, 'book-wcv-578', 'Mahakaal (The Monster)', 'http://dummyimage.com/300x743.png/dddddd/000000', 'Fusce congue, diam id ornare imperdiet, sapien urna pretium nisl, ut volutpat sapien arcu sed augue. Aliquam erat volutpat. In congue. Etiam justo. Etiam pretium iaculis justo.', 1653, 5, 10);
insert into books (id, pub_date, is_bestseller, slug, title, image, description, price, discount, author_id) values (98, '2013/01/07', 0, 'book-zit-205', 'Even Money', 'http://dummyimage.com/718x324.png/ff4444/ffffff', 'In hac habitasse platea dictumst. Aliquam augue quam, sollicitudin vitae, consectetuer eget, rutrum at, lorem. Integer tincidunt ante vel ipsum. Praesent blandit lacinia erat. Vestibulum sed magna at nunc commodo placerat. Praesent blandit.', 1611, 0, 1);
insert into books (id, pub_date, is_bestseller, slug, title, image, description, price, discount, author_id) values (99, '2011/03/22', 0, 'book-klt-576', 'Heir to an Execution', 'http://dummyimage.com/556x790.png/5fa2dd/ffffff', 'Proin leo odio, porttitor id, consequat in, consequat ut, nulla. Sed accumsan felis. Ut at dolor quis odio consequat varius. Integer ac leo. Pellentesque ultrices mattis odio. Donec vitae nisi.', 2324, 1, 1);
insert into books (id, pub_date, is_bestseller, slug, title, image, description, price, discount, author_id) values (100, '2013/07/13', 1, 'book-eyw-922', 'As Good as It Gets', 'http://dummyimage.com/535x484.png/cc0000/ffffff', 'Etiam faucibus cursus urna. Ut tellus. Nulla ut erat id mauris vulputate elementum. Nullam varius. Nulla facilisi. Cras non velit nec nisi vulputate nonummy.', 297, 1, 21);

insert into book2author (id, author_id, book_id) values (1, 8, 41);
insert into book2author (id, author_id, book_id) values (2, 18, 59);
insert into book2author (id, author_id, book_id) values (3, 5, 100);
insert into book2author (id, author_id, book_id) values (4, 6, 73);
insert into book2author (id, author_id, book_id) values (5, 15, 84);
insert into book2author (id, author_id, book_id) values (6, 21, 69);
insert into book2author (id, author_id, book_id) values (7, 6, 8);
insert into book2author (id, author_id, book_id) values (8, 15, 46);
insert into book2author (id, author_id, book_id) values (9, 15, 19);
insert into book2author (id, author_id, book_id) values (10, 12, 96);
insert into book2author (id, author_id, book_id) values (11, 21, 99);
insert into book2author (id, author_id, book_id) values (12, 14, 61);
insert into book2author (id, author_id, book_id) values (13, 7, 38);
insert into book2author (id, author_id, book_id) values (14, 5, 71);
insert into book2author (id, author_id, book_id) values (15, 20, 96);
insert into book2author (id, author_id, book_id) values (16, 1, 5);
insert into book2author (id, author_id, book_id) values (17, 14, 27);
insert into book2author (id, author_id, book_id) values (18, 9, 76);
insert into book2author (id, author_id, book_id) values (19, 10, 19);
insert into book2author (id, author_id, book_id) values (20, 18, 42);
insert into book2author (id, author_id, book_id) values (21, 13, 26);
insert into book2author (id, author_id, book_id) values (22, 14, 14);
insert into book2author (id, author_id, book_id) values (23, 15, 72);
insert into book2author (id, author_id, book_id) values (24, 5, 16);
insert into book2author (id, author_id, book_id) values (25, 15, 44);
insert into book2author (id, author_id, book_id) values (26, 17, 13);
insert into book2author (id, author_id, book_id) values (27, 13, 27);
insert into book2author (id, author_id, book_id) values (28, 14, 19);
insert into book2author (id, author_id, book_id) values (29, 3, 97);
insert into book2author (id, author_id, book_id) values (30, 17, 83);
insert into book2author (id, author_id, book_id) values (31, 20, 29);
insert into book2author (id, author_id, book_id) values (32, 20, 47);
insert into book2author (id, author_id, book_id) values (33, 17, 73);
insert into book2author (id, author_id, book_id) values (34, 6, 89);
insert into book2author (id, author_id, book_id) values (35, 19, 90);
insert into book2author (id, author_id, book_id) values (36, 14, 72);
insert into book2author (id, author_id, book_id) values (37, 18, 91);
insert into book2author (id, author_id, book_id) values (38, 14, 63);
insert into book2author (id, author_id, book_id) values (39, 4, 83);
insert into book2author (id, author_id, book_id) values (40, 2, 3);
insert into book2author (id, author_id, book_id) values (41, 20, 37);
insert into book2author (id, author_id, book_id) values (42, 15, 75);
insert into book2author (id, author_id, book_id) values (43, 4, 30);
insert into book2author (id, author_id, book_id) values (44, 2, 67);
insert into book2author (id, author_id, book_id) values (45, 2, 93);
insert into book2author (id, author_id, book_id) values (46, 4, 46);
insert into book2author (id, author_id, book_id) values (47, 4, 85);
insert into book2author (id, author_id, book_id) values (48, 18, 17);
insert into book2author (id, author_id, book_id) values (49, 14, 45);
insert into book2author (id, author_id, book_id) values (50, 1, 100);
insert into book2author (id, author_id, book_id) values (51, 12, 100);
insert into book2author (id, author_id, book_id) values (52, 4, 94);
insert into book2author (id, author_id, book_id) values (53, 9, 54);
insert into book2author (id, author_id, book_id) values (54, 3, 83);
insert into book2author (id, author_id, book_id) values (55, 9, 91);
insert into book2author (id, author_id, book_id) values (56, 17, 10);
insert into book2author (id, author_id, book_id) values (57, 6, 33);
insert into book2author (id, author_id, book_id) values (58, 20, 67);
insert into book2author (id, author_id, book_id) values (59, 14, 41);
insert into book2author (id, author_id, book_id) values (60, 19, 3);
insert into book2author (id, author_id, book_id) values (61, 10, 38);
insert into book2author (id, author_id, book_id) values (62, 15, 89);
insert into book2author (id, author_id, book_id) values (63, 1, 58);
insert into book2author (id, author_id, book_id) values (64, 11, 30);
insert into book2author (id, author_id, book_id) values (65, 15, 10);
insert into book2author (id, author_id, book_id) values (66, 2, 86);
insert into book2author (id, author_id, book_id) values (67, 4, 61);
insert into book2author (id, author_id, book_id) values (68, 21, 61);
insert into book2author (id, author_id, book_id) values (69, 6, 89);
insert into book2author (id, author_id, book_id) values (70, 17, 10);
insert into book2author (id, author_id, book_id) values (71, 15, 94);
insert into book2author (id, author_id, book_id) values (72, 15, 31);
insert into book2author (id, author_id, book_id) values (73, 1, 45);
insert into book2author (id, author_id, book_id) values (74, 6, 72);
insert into book2author (id, author_id, book_id) values (75, 8, 10);
insert into book2author (id, author_id, book_id) values (76, 9, 54);
insert into book2author (id, author_id, book_id) values (77, 16, 6);
insert into book2author (id, author_id, book_id) values (78, 2, 81);
insert into book2author (id, author_id, book_id) values (79, 20, 99);
insert into book2author (id, author_id, book_id) values (80, 15, 19);
insert into book2author (id, author_id, book_id) values (81, 7, 15);
insert into book2author (id, author_id, book_id) values (82, 18, 37);
insert into book2author (id, author_id, book_id) values (83, 7, 58);
insert into book2author (id, author_id, book_id) values (84, 5, 15);
insert into book2author (id, author_id, book_id) values (85, 16, 19);
insert into book2author (id, author_id, book_id) values (86, 13, 74);
insert into book2author (id, author_id, book_id) values (87, 20, 98);
insert into book2author (id, author_id, book_id) values (88, 10, 80);
insert into book2author (id, author_id, book_id) values (89, 5, 8);
insert into book2author (id, author_id, book_id) values (90, 2, 51);
insert into book2author (id, author_id, book_id) values (91, 12, 11);
insert into book2author (id, author_id, book_id) values (92, 8, 93);
insert into book2author (id, author_id, book_id) values (93, 9, 40);
insert into book2author (id, author_id, book_id) values (94, 4, 78);
insert into book2author (id, author_id, book_id) values (95, 10, 19);
insert into book2author (id, author_id, book_id) values (96, 13, 84);
insert into book2author (id, author_id, book_id) values (97, 18, 2);
insert into book2author (id, author_id, book_id) values (98, 19, 33);
insert into book2author (id, author_id, book_id) values (99, 7, 79);
insert into book2author (id, author_id, book_id) values (100, 15, 99);


