-- insert into authors (id, description, name, photo, slug) values (1, 'Persevering intangible archive', 'Dannye Castana', 'http://dummyimage.com/224x100.png/cc0000/ffffff', 'dannye-castana');
-- insert into authors (id, description, name, photo, slug) values (2, 'Reverse-engineered intangible architecture', 'Dulcinea Scamaden', 'http://dummyimage.com/204x100.png/5fa2dd/ffffff', 'dulcinea-scamaden');
-- insert into authors (id, description, name, photo, slug) values (3, 'Optional national orchestration', 'Leland Francisco', 'http://dummyimage.com/164x100.png/5fa2dd/ffffff', 'leland-francisco');
-- insert into authors (id, description, name, photo, slug) values (4, 'Lorem ipsum dolor sit amet, consectetur adipiscing elit. Aenean a felis nec libero fringilla hendrerit vel faucibus ipsum. Etiam mattis, urna in aliquam rutrum, mi elit pretium arcu, in condimentum nisi quam ut lorem. Donec imperdiet, metus et condimentum malesuada, neque justo mollis dui, et dictum lacus mi egestas nulla. Sed auctor convallis dolor, pellentesque malesuada mi pellentesque vel. Aenean rhoncus facilisis enim. Curabitur in massa consectetur, tempor nibh aliquam, eleifend quam. Ut pretium tempus tellus ut efficitur. Suspendisse eget ante nibh. Praesent pharetra congue pharetra. Aenean nulla justo, molestie commodo efficitur at, vestibulum ut risus.
-- Suspendisse a quam lobortis, elementum arcu id, facilisis erat. Aliquam vitae ante ut elit semper elementum non ac nulla. Donec suscipit, nunc a molestie molestie, felis est ornare libero, sit amet luctus sem neque at erat. Nullam fermentum urna sit amet neque sagittis tempor. Fusce arcu sapien, pretium feugiat massa non, venenatis molestie ex. Integer bibendum, dolor quis laoreet eleifend, nisl ligula faucibus ligula, eu tristique sapien leo non magna. Morbi eget massa ut leo finibus porttitor. In porttitor risus risus, id luctus ligula dapibus nec. Cras blandit placerat dignissim. Sed aliquet, dui nec faucibus efficitur, justo arcu eleifend mi, eget vehicula libero tortor in nisl. Aliquam lobortis euismod leo, eu dignissim diam placerat vel. Fusce at nibh odio.', 'Armin Sime', 'http://dummyimage.com/215x100.png/5fa2dd/ffffff', 'armin-sime');
-- insert into authors (id, description, name, photo, slug) values (5, 'Cross-group mission-critical middleware', 'Woody Bryers', 'http://dummyimage.com/226x100.png/5fa2dd/ffffff', 'woody-bryers');
-- insert into authors (id, description, name, photo, slug) values (6, 'Streamlined tangible firmware', 'Vonni Petersen', 'http://dummyimage.com/119x100.png/5fa2dd/ffffff', 'vonni-petersen');
-- insert into authors (id, description, name, photo, slug) values (7, 'Reduced responsive internet solution', 'Lorry Van Salzberger', 'http://dummyimage.com/195x100.png/ff4444/ffffff', 'lorry-van-salzberger');
-- insert into authors (id, description, name, photo, slug) values (8, 'Diverse discrete policy', 'Gillan Wrankmore', 'http://dummyimage.com/100x100.png/ff4444/ffffff', 'gillan-wrankmore');
-- insert into authors (id, description, name, photo, slug) values (9, 'Virtual hybrid extranet', 'Ripley Kann', 'http://dummyimage.com/154x100.png/ff4444/ffffff', 'ripley-kann');
-- insert into authors (id, description, name, photo, slug) values (10, 'Proactive clear-thinking Graphic Interface', 'Kelwin Hansmann', 'http://dummyimage.com/120x100.png/ff4444/ffffff', 'kelwin-hansmann');
-- insert into authors (id, description, name, photo, slug) values (11, 'Streamlined empowering ability', 'Brandice Elven', 'http://dummyimage.com/147x100.png/dddddd/000000', 'brandice-elven');
-- insert into authors (id, description, name, photo, slug) values (12, 'Networked modular protocol', 'Xena Peskett', 'http://dummyimage.com/248x100.png/ff4444/ffffff', 'xena-peskett');
-- insert into authors (id, description, name, photo, slug) values (13, 'Stand-alone client-server task-force', 'Teddy Dummer', 'http://dummyimage.com/148x100.png/ff4444/ffffff', 'teddy-dummer');
-- insert into authors (id, description, name, photo, slug) values (14, 'Balanced bottom-line hierarchy', 'Aland Paolini', 'http://dummyimage.com/151x100.png/dddddd/000000', 'aland-paolini');
-- insert into authors (id, description, name, photo, slug) values (15, 'Organized explicit definition', 'Clayborn Marder', 'http://dummyimage.com/142x100.png/ff4444/ffffff', 'clayborn-marder');
-- insert into authors (id, description, name, photo, slug) values (16, 'Customizable attitude-oriented hierarchy', 'Luise Mergue', 'http://dummyimage.com/208x100.png/dddddd/000000', 'luise-mergue');
-- insert into authors (id, description, name, photo, slug) values (17, 'Persevering radical emulation', 'Judah Please', 'http://dummyimage.com/236x100.png/5fa2dd/ffffff', 'judah-please');
-- insert into authors (id, description, name, photo, slug) values (18, 'Expanded full-range product', 'Zelma Schindler', 'http://dummyimage.com/241x100.png/cc0000/ffffff', 'zelma-schindler');
-- insert into authors (id, description, name, photo, slug) values (19, 'Distributed upward-trending monitoring', 'Lock Robertshaw', 'http://dummyimage.com/172x100.png/ff4444/ffffff', 'lock-robertshaw');
-- insert into authors (id, description, name, photo, slug) values (20, 'Stand-alone intermediate framework', 'Harland Matveiko', 'http://dummyimage.com/144x100.png/ff4444/ffffff', 'harland-matveiko');
-- insert into authors (id, description, name, photo, slug) values (21, 'Expanded uniform software', 'Adena Beels', 'http://dummyimage.com/146x100.png/cc0000/ffffff', 'adena-beels');
--
-- insert into books (id, pub_date, is_bestseller, slug, title, image, description, price, discount, bought, added_to_cart, postponed) values (1, '2017-02-06 20:18:10', 0, 'bookciz205HjW', 'Pushover', 'http://dummyimage.com/238x100.png/cc0000/ffffff', 'Open-source user-facing support', 7537, 68, 2770, 9444, 1711);
-- insert into books (id, pub_date, is_bestseller, slug, title, image, description, price, discount, bought, added_to_cart, postponed) values (2, '2013-01-30 04:02:48', 0, 'bookbeu683qAw', 'Batman: The Dark Knight Returns, Part 1', 'http://dummyimage.com/225x100.png/dddddd/000000', 'Cross-platform mission-critical migration', 9592, 32, 1846, 1893, 7380);
-- insert into books (id, pub_date, is_bestseller, slug, title, image, description, price, discount, bought, added_to_cart, postponed) values (3, '2021-04-07 01:52:55', 1, 'bookmae149ngV', 'Savior', 'http://dummyimage.com/145x100.png/5fa2dd/ffffff', 'Expanded mobile application', 7617, 23, 540, 3164, 406);
-- insert into books (id, pub_date, is_bestseller, slug, title, image, description, price, discount, bought, added_to_cart, postponed) values (4, '2016-10-28 06:05:58', 1, 'booklwr917L28', 'Blackadder Back & Forth', 'http://dummyimage.com/216x100.png/ff4444/ffffff', 'Enhanced composite groupware', 4773, 43, 569, 9240, 1096);
-- insert into books (id, pub_date, is_bestseller, slug, title, image, description, price, discount, bought, added_to_cart, postponed) values (5, '2012-08-04 20:08:43', 0, 'bookdjz283g86', 'Innocents, The', 'http://dummyimage.com/125x100.png/ff4444/ffffff', 'User-centric upward-trending product', 6822, 56, 9614, 2481, 9473);
-- insert into books (id, pub_date, is_bestseller, slug, title, image, description, price, discount, bought, added_to_cart, postponed) values (6, '2018-07-23 12:47:39', 1, 'bookaag869Gcr', 'Parasites, Les', 'http://dummyimage.com/145x100.png/cc0000/ffffff', 'Grass-roots client-driven solution', 1032, 38, 9547, 4530, 8249);
-- insert into books (id, pub_date, is_bestseller, slug, title, image, description, price, discount, bought, added_to_cart, postponed) values (7, '2017-11-28 13:54:39', 0, 'bookaxm120hGo', 'Naqoyqatsi', 'http://dummyimage.com/209x100.png/5fa2dd/ffffff', 'Grass-roots contextually-based service-desk', 5703, 33, 2015, 8817, 5021);
-- insert into books (id, pub_date, is_bestseller, slug, title, image, description, price, discount, bought, added_to_cart, postponed) values (8, '2015-04-12 05:21:33', 1, 'bookdvz922WrO', 'Moth Diaries, The', 'http://dummyimage.com/157x100.png/ff4444/ffffff', 'Function-based bi-directional forecast', 8427, 78, 9632, 2345, 3635);
-- insert into books (id, pub_date, is_bestseller, slug, title, image, description, price, discount, bought, added_to_cart, postponed) values (9, '2015-01-03 08:56:34', 0, 'bookifa283ssi', 'Jackass 3.5', 'http://dummyimage.com/133x100.png/dddddd/000000', 'Grass-roots content-based function', 1388, 17, 1407, 6833, 7700);
-- insert into books (id, pub_date, is_bestseller, slug, title, image, description, price, discount, bought, added_to_cart, postponed) values (10, '2019-03-08 15:42:21', 1, 'bookwlf468Yq7', 'Soldier, The', 'http://dummyimage.com/214x100.png/cc0000/ffffff', 'Cloned reciprocal intranet', 5844, 27, 7779, 8610, 5009);
-- insert into books (id, pub_date, is_bestseller, slug, title, image, description, price, discount, bought, added_to_cart, postponed) values (11, '2013-02-28 06:26:22', 1, 'bookvop129cXR', 'Green Berets, The', 'http://dummyimage.com/183x100.png/cc0000/ffffff', 'User-centric foreground internet solution', 3289, 15, 5400, 7359, 6289);
-- insert into books (id, pub_date, is_bestseller, slug, title, image, description, price, discount, bought, added_to_cart, postponed) values (12, '2021-07-16 09:20:42', 0, 'bookgmi570X7A', 'Set Me Free (Emporte-moi)', 'http://dummyimage.com/218x100.png/dddddd/000000', 'Progressive encompassing solution', 7194, 71, 4486, 5548, 6761);
-- insert into books (id, pub_date, is_bestseller, slug, title, image, description, price, discount, bought, added_to_cart, postponed) values (13, '2016-09-01 16:49:27', 1, 'bookkky278gFY', 'Eighth Day, The (Den ttonde dagen)', 'http://dummyimage.com/228x100.png/cc0000/ffffff', 'Multi-lateral asymmetric process improvement', 6914, 39, 6842, 4258, 7868);
-- insert into books (id, pub_date, is_bestseller, slug, title, image, description, price, discount, bought, added_to_cart, postponed) values (14, '2013-12-08 14:22:44', 0, 'bookvhd546sjn', 'Sex of Angels, The (El sexo de los ngeles)', 'http://dummyimage.com/133x100.png/dddddd/000000', 'Optimized grid-enabled moderator', 7383, 30, 7878, 6603, 1931);
-- insert into books (id, pub_date, is_bestseller, slug, title, image, description, price, discount, bought, added_to_cart, postponed) values (15, '2021-07-26 07:28:28', 1, 'bookysy674CSz', 'An American Hippie in Israel', 'http://dummyimage.com/108x100.png/dddddd/000000', 'Progressive radical product', 7001, 87, 3707, 5454, 6395);
-- insert into books (id, pub_date, is_bestseller, slug, title, image, description, price, discount, bought, added_to_cart, postponed) values (16, '2020-07-07 19:39:30', 0, 'bookqsl221VpS', 'Home of Dark Butterflies, The (Tummien perhosten koti)', 'http://dummyimage.com/182x100.png/5fa2dd/ffffff', 'Monitored dedicated function', 5931, 85, 9174, 9747, 7687);
-- insert into books (id, pub_date, is_bestseller, slug, title, image, description, price, discount, bought, added_to_cart, postponed) values (17, '2018-07-26 04:12:36', 1, 'booklzo333TYX', 'Underground: The Julian Assange Story', 'http://dummyimage.com/138x100.png/cc0000/ffffff', 'Up-sized zero defect definition', 6587, 75, 5718, 607, 9434);
-- insert into books (id, pub_date, is_bestseller, slug, title, image, description, price, discount, bought, added_to_cart, postponed) values (18, '2016-03-06 03:38:53', 0, 'bookgry715mGv', 'Revolutionary Girl Utena: Adolescence of Utena (a.k.a. Revolutionary Girl Utena the Movie) (Shoujo kakumei Utena: Adolescence mokushiroku)', 'http://dummyimage.com/167x100.png/ff4444/ffffff', 'Synergized real-time core', 6191, 30, 3975, 2609, 7902);
-- insert into books (id, pub_date, is_bestseller, slug, title, image, description, price, discount, bought, added_to_cart, postponed) values (19, '2013-06-23 19:20:37', 0, 'bookhbe6271oc', 'Noroi: The Curse ', 'http://dummyimage.com/114x100.png/dddddd/000000', 'Open-architected 24/7 analyzer', 1742, 16, 2914, 3675, 9374);
-- insert into books (id, pub_date, is_bestseller, slug, title, image, description, price, discount, bought, added_to_cart, postponed) values (20, '2021-09-19 00:03:08', 1, 'bookoxh258gu6', 'Trouble with Girls, The', 'http://dummyimage.com/234x100.png/dddddd/000000', 'Multi-layered actuating Graphic Interface', 4686, 58, 4469, 8913, 7640);
-- insert into books (id, pub_date, is_bestseller, slug, title, image, description, price, discount, bought, added_to_cart, postponed) values (21, '2013-03-30 13:09:34', 0, 'bookfqe216hDb', 'Twelve', 'http://dummyimage.com/131x100.png/ff4444/ffffff', 'Organized hybrid parallelism', 2650, 93, 5825, 8955, 9969);
-- insert into books (id, pub_date, is_bestseller, slug, title, image, description, price, discount, bought, added_to_cart, postponed) values (22, '2019-01-13 15:17:42', 0, 'bookvom87566K', 'Just Wright', 'http://dummyimage.com/237x100.png/dddddd/000000', 'Future-proofed high-level standardization', 3877, 8, 3368, 4072, 5181);
-- insert into books (id, pub_date, is_bestseller, slug, title, image, description, price, discount, bought, added_to_cart, postponed) values (23, '2019-04-07 05:22:49', 0, 'bookdtq356O95', 'Congorama', 'http://dummyimage.com/217x100.png/5fa2dd/ffffff', 'Future-proofed static database', 4912, 39, 3299, 2903, 2254);
-- insert into books (id, pub_date, is_bestseller, slug, title, image, description, price, discount, bought, added_to_cart, postponed) values (24, '2016-03-29 07:38:46', 0, 'booksdg540BVl', 'Great Day in the Morning', 'http://dummyimage.com/114x100.png/cc0000/ffffff', 'Visionary radical monitoring', 2310, 20, 8726, 74, 478);
-- insert into books (id, pub_date, is_bestseller, slug, title, image, description, price, discount, bought, added_to_cart, postponed) values (25, '2017-09-20 20:55:53', 0, 'bookwtv405nUw', 'Taking of Pelham 1 2 3, The', 'http://dummyimage.com/189x100.png/ff4444/ffffff', 'Self-enabling full-range function', 4028, 76, 6481, 4336, 3427);
-- insert into books (id, pub_date, is_bestseller, slug, title, image, description, price, discount, bought, added_to_cart, postponed) values (26, '2016-12-08 12:27:26', 1, 'bookwwq662W79', 'The Hallelujah Handshake', 'http://dummyimage.com/238x100.png/5fa2dd/ffffff', 'Future-proofed interactive knowledge base', 9531, 38, 1205, 6780, 3061);
-- insert into books (id, pub_date, is_bestseller, slug, title, image, description, price, discount, bought, added_to_cart, postponed) values (27, '2013-04-21 22:31:06', 1, 'booktuv936thD', 'Wiz, The', 'http://dummyimage.com/184x100.png/ff4444/ffffff', 'Inverse zero defect attitude', 5588, 59, 3532, 919, 8154);
-- insert into books (id, pub_date, is_bestseller, slug, title, image, description, price, discount, bought, added_to_cart, postponed) values (28, '2014-07-06 23:19:36', 1, 'bookcdw221xfw', 'Buddy', 'http://dummyimage.com/120x100.png/ff4444/ffffff', 'Object-based full-range budgetary management', 2217, 73, 5060, 6260, 6250);
-- insert into books (id, pub_date, is_bestseller, slug, title, image, description, price, discount, bought, added_to_cart, postponed) values (29, '2017-04-18 10:29:39', 1, 'bookpva210y68', 'Fountainhead, The', 'http://dummyimage.com/182x100.png/5fa2dd/ffffff', 'Multi-tiered next generation alliance', 2932, 63, 5375, 791, 6263);
-- insert into books (id, pub_date, is_bestseller, slug, title, image, description, price, discount, bought, added_to_cart, postponed) values (30, '2015-03-21 20:16:18', 0, 'bookeru226Ker', 'Just Looking', 'http://dummyimage.com/109x100.png/ff4444/ffffff', 'Realigned contextually-based Graphic Interface', 7445, 46, 4051, 1727, 7229);
-- insert into books (id, pub_date, is_bestseller, slug, title, image, description, price, discount, bought, added_to_cart, postponed) values (31, '2021-10-21 06:23:15', 0, 'bookhpf280ehb', 'Lemora: A Child''s Tale of the Supernatural', 'http://dummyimage.com/192x100.png/dddddd/000000', 'Horizontal multi-tasking flexibility', 2966, 27, 9788, 6560, 1529);
-- insert into books (id, pub_date, is_bestseller, slug, title, image, description, price, discount, bought, added_to_cart, postponed) values (32, '2014-11-23 04:44:49', 1, 'bookjsj270Fkd', 'Wog Boy, The', 'http://dummyimage.com/197x100.png/5fa2dd/ffffff', 'Progressive encompassing customer loyalty', 6682, 95, 9767, 281, 3239);
-- insert into books (id, pub_date, is_bestseller, slug, title, image, description, price, discount, bought, added_to_cart, postponed) values (33, '2019-04-21 01:59:51', 0, 'bookkae571N0K', 'Predestination', 'http://dummyimage.com/120x100.png/cc0000/ffffff', 'Business-focused impactful help-desk', 7916, 7, 1481, 9411, 9998);
-- insert into books (id, pub_date, is_bestseller, slug, title, image, description, price, discount, bought, added_to_cart, postponed) values (34, '2021-06-03 02:40:20', 1, 'booklwy697xPm', 'The Magic Crystal', 'http://dummyimage.com/184x100.png/5fa2dd/ffffff', 'Right-sized dynamic internet solution', 3742, 70, 3154, 9078, 3832);
-- insert into books (id, pub_date, is_bestseller, slug, title, image, description, price, discount, bought, added_to_cart, postponed) values (35, '2012-06-08 11:53:55', 0, 'bookknr073scC', 'Parent Trap, The', 'http://dummyimage.com/183x100.png/5fa2dd/ffffff', 'Diverse optimizing capacity', 7259, 8, 7010, 7908, 8471);
-- insert into books (id, pub_date, is_bestseller, slug, title, image, description, price, discount, bought, added_to_cart, postponed) values (36, '2012-10-04 14:33:22', 0, 'bookbvo160i1c', 'Client 9: The Rise and Fall of Eliot Spitzer', 'http://dummyimage.com/108x100.png/cc0000/ffffff', 'Proactive transitional extranet', 5243, 83, 9882, 5973, 2812);
-- insert into books (id, pub_date, is_bestseller, slug, title, image, description, price, discount, bought, added_to_cart, postponed) values (37, '2019-01-26 01:36:39', 1, 'booknle914Rlu', 'Guru', 'http://dummyimage.com/237x100.png/5fa2dd/ffffff', 'Business-focused actuating frame', 3733, 61, 8486, 8492, 8000);
-- insert into books (id, pub_date, is_bestseller, slug, title, image, description, price, discount, bought, added_to_cart, postponed) values (38, '2017-06-13 09:01:40', 0, 'booktrp284DB6', 'Carlito''s Way: Rise to Power (Carlito''s Way 2: Rise to Power)', 'http://dummyimage.com/249x100.png/dddddd/000000', 'Implemented fresh-thinking info-mediaries', 8259, 38, 4422, 9170, 8265);
-- insert into books (id, pub_date, is_bestseller, slug, title, image, description, price, discount, bought, added_to_cart, postponed) values (39, '2021-11-20 00:43:41', 0, 'bookseo529VCK', 'Afstiros katallilo', 'http://dummyimage.com/247x100.png/dddddd/000000', 'Total asymmetric pricing structure', 3188, 47, 8298, 9489, 8884);
-- insert into books (id, pub_date, is_bestseller, slug, title, image, description, price, discount, bought, added_to_cart, postponed) values (40, '2019-06-27 17:57:58', 0, 'bookhqw181j9n', 'Flyboys', 'http://dummyimage.com/126x100.png/5fa2dd/ffffff', 'Integrated bottom-line local area network', 1377, 86, 7192, 8800, 6311);
-- insert into books (id, pub_date, is_bestseller, slug, title, image, description, price, discount, bought, added_to_cart, postponed) values (41, '2018-08-08 12:58:28', 1, 'bookvbq693sWE', 'I''ll Never Forget What''s''isname', 'http://dummyimage.com/193x100.png/dddddd/000000', 'Customer-focused local extranet', 6266, 89, 3927, 8059, 3967);
-- insert into books (id, pub_date, is_bestseller, slug, title, image, description, price, discount, bought, added_to_cart, postponed) values (42, '2015-07-15 01:13:48', 0, 'bookkrd239tOk', 'Mulan II', 'http://dummyimage.com/246x100.png/ff4444/ffffff', 'Extended non-volatile project', 1388, 78, 799, 6264, 3603);
-- insert into books (id, pub_date, is_bestseller, slug, title, image, description, price, discount, bought, added_to_cart, postponed) values (43, '2016-12-31 05:49:51', 0, 'bookkxo909SnG', 'Tyler Perry''s Madea''s Family Reunion', 'http://dummyimage.com/172x100.png/cc0000/ffffff', 'Enhanced exuding info-mediaries', 6393, 54, 6366, 7569, 6264);
-- insert into books (id, pub_date, is_bestseller, slug, title, image, description, price, discount, bought, added_to_cart, postponed) values (44, '2022-01-18 05:49:00', 1, 'booknyx3577h4', 'Cocoon: The Return', 'http://dummyimage.com/221x100.png/dddddd/000000', 'Public-key logistical support', 4487, 8, 4357, 2632, 4548);
-- insert into books (id, pub_date, is_bestseller, slug, title, image, description, price, discount, bought, added_to_cart, postponed) values (45, '2020-04-10 02:44:37', 1, 'bookkng839PGb', 'Last Mountain, The', 'http://dummyimage.com/190x100.png/5fa2dd/ffffff', 'Object-based disintermediate utilisation', 5110, 86, 9919, 2746, 1608);
-- insert into books (id, pub_date, is_bestseller, slug, title, image, description, price, discount, bought, added_to_cart, postponed) values (46, '2015-06-29 19:35:45', 0, 'booktwo288nFj', 'Blood Wedding (Bodas de sangre)', 'http://dummyimage.com/144x100.png/dddddd/000000', 'Sharable dedicated intranet', 2109, 73, 8804, 9251, 872);
-- insert into books (id, pub_date, is_bestseller, slug, title, image, description, price, discount, bought, added_to_cart, postponed) values (47, '2016-06-18 23:32:50', 0, 'bookuut528csc', 'Incredible Rocky Mountain Race', 'http://dummyimage.com/249x100.png/dddddd/000000', 'Assimilated impactful moratorium', 5312, 37, 9918, 9693, 539);
-- insert into books (id, pub_date, is_bestseller, slug, title, image, description, price, discount, bought, added_to_cart, postponed) values (48, '2018-04-18 23:30:22', 1, 'bookxio0566jo', 'Romy and Michele: In the Beginning', 'http://dummyimage.com/248x100.png/dddddd/000000', 'Distributed neutral hierarchy', 4471, 81, 9671, 6984, 3542);
-- insert into books (id, pub_date, is_bestseller, slug, title, image, description, price, discount, bought, added_to_cart, postponed) values (49, '2019-02-18 22:27:19', 0, 'bookrtz144k3U', 'Addicted to Love', 'http://dummyimage.com/119x100.png/dddddd/000000', 'Self-enabling motivating policy', 105, 65, 4757, 2708, 6842);
-- insert into books (id, pub_date, is_bestseller, slug, title, image, description, price, discount, bought, added_to_cart, postponed) values (50, '2014-06-03 02:28:09', 1, 'bookqbr3290t2', 'Thing: Terror Takes Shape, The', 'http://dummyimage.com/225x100.png/ff4444/ffffff', 'Persistent mission-critical focus group', 4820, 73, 1162, 6249, 1872);
-- insert into books (id, pub_date, is_bestseller, slug, title, image, description, price, discount, bought, added_to_cart, postponed) values (51, '2013-01-17 19:21:46', 1, 'bookceh236q32', 'Hoodwinked!', 'http://dummyimage.com/134x100.png/5fa2dd/ffffff', 'Profound attitude-oriented policy', 8255, 78, 9899, 1346, 8177);
-- insert into books (id, pub_date, is_bestseller, slug, title, image, description, price, discount, bought, added_to_cart, postponed) values (52, '2021-11-24 07:02:37', 1, 'bookfxf478V9e', 'Music From Another Room', 'http://dummyimage.com/246x100.png/cc0000/ffffff', 'User-friendly well-modulated time-frame', 2157, 89, 2274, 4467, 6455);
-- insert into books (id, pub_date, is_bestseller, slug, title, image, description, price, discount, bought, added_to_cart, postponed) values (53, '2020-03-09 05:51:40', 0, 'bookvfz292Vyp', 'Rabid Grannies (Mms cannibales, Les)', 'http://dummyimage.com/147x100.png/ff4444/ffffff', 'Public-key exuding installation', 5670, 63, 7108, 9100, 826);
-- insert into books (id, pub_date, is_bestseller, slug, title, image, description, price, discount, bought, added_to_cart, postponed) values (54, '2015-10-17 05:11:13', 0, 'booktif515f25', 'Because You''re Mine', 'http://dummyimage.com/174x100.png/cc0000/ffffff', 'Reactive discrete infrastructure', 7960, 43, 8885, 8551, 3532);
-- insert into books (id, pub_date, is_bestseller, slug, title, image, description, price, discount, bought, added_to_cart, postponed) values (55, '2012-11-18 20:31:50', 0, 'booknyt549g6M', 'And Soon the Darkness', 'http://dummyimage.com/114x100.png/ff4444/ffffff', 'Synchronised 4th generation artificial intelligence', 289, 14, 6343, 1829, 1634);
-- insert into books (id, pub_date, is_bestseller, slug, title, image, description, price, discount, bought, added_to_cart, postponed) values (56, '2014-01-31 14:50:11', 0, 'bookktm0209cS', 'Public Sex', 'http://dummyimage.com/164x100.png/cc0000/ffffff', 'Business-focused homogeneous hierarchy', 7357, 36, 9622, 5119, 7281);
-- insert into books (id, pub_date, is_bestseller, slug, title, image, description, price, discount, bought, added_to_cart, postponed) values (57, '2013-04-04 01:58:34', 0, 'bookwbm252TuX', 'Indiana Jones and the Kingdom of the Crystal Skull', 'http://dummyimage.com/150x100.png/dddddd/000000', 'Stand-alone incremental circuit', 3204, 6, 2104, 7926, 728);
-- insert into books (id, pub_date, is_bestseller, slug, title, image, description, price, discount, bought, added_to_cart, postponed) values (58, '2016-03-13 11:28:19', 1, 'booklya573MWP', 'Interrupted Melody', 'http://dummyimage.com/234x100.png/ff4444/ffffff', 'Pre-emptive solution-oriented product', 897, 37, 6721, 7771, 1578);
-- insert into books (id, pub_date, is_bestseller, slug, title, image, description, price, discount, bought, added_to_cart, postponed) values (59, '2018-12-01 04:32:07', 1, 'bookhwb164XlG', 'Sister Helen ', 'http://dummyimage.com/132x100.png/cc0000/ffffff', 'Reduced zero defect leverage', 3098, 11, 6771, 403, 1300);
-- insert into books (id, pub_date, is_bestseller, slug, title, image, description, price, discount, bought, added_to_cart, postponed) values (60, '2014-04-22 07:53:53', 1, 'bookass174eIO', 'Raging Bull', 'http://dummyimage.com/131x100.png/dddddd/000000', 'Secured non-volatile Graphical User Interface', 4383, 62, 4041, 9328, 4117);
-- insert into books (id, pub_date, is_bestseller, slug, title, image, description, price, discount, bought, added_to_cart, postponed) values (61, '2012-10-26 16:54:36', 0, 'bookfza310kfm', 'First on the Moon (Pervye na Lune)', 'http://dummyimage.com/214x100.png/cc0000/ffffff', 'Secured solution-oriented budgetary management', 134, 33, 5507, 1325, 2895);
-- insert into books (id, pub_date, is_bestseller, slug, title, image, description, price, discount, bought, added_to_cart, postponed) values (62, '2013-05-21 11:13:57', 0, 'bookfse24672b', 'Boy Meets Girl', 'http://dummyimage.com/243x100.png/dddddd/000000', 'Automated contextually-based service-desk', 4092, 89, 8589, 1016, 9779);
-- insert into books (id, pub_date, is_bestseller, slug, title, image, description, price, discount, bought, added_to_cart, postponed) values (63, '2018-10-14 01:57:08', 0, 'bookboh134hHD', 'West Point', 'http://dummyimage.com/147x100.png/cc0000/ffffff', 'De-engineered attitude-oriented core', 3533, 84, 3532, 3450, 6947);
-- insert into books (id, pub_date, is_bestseller, slug, title, image, description, price, discount, bought, added_to_cart, postponed) values (64, '2018-05-11 08:43:19', 1, 'bookawe1225WK', 'Farmageddon', 'http://dummyimage.com/194x100.png/dddddd/000000', 'Managed zero tolerance functionalities', 8434, 56, 3964, 4845, 8616);
-- insert into books (id, pub_date, is_bestseller, slug, title, image, description, price, discount, bought, added_to_cart, postponed) values (65, '2014-05-04 11:52:34', 1, 'bookjnu832yty', 'End of the Affair, The', 'http://dummyimage.com/108x100.png/5fa2dd/ffffff', 'Horizontal zero defect conglomeration', 3164, 78, 5324, 2138, 2360);
-- insert into books (id, pub_date, is_bestseller, slug, title, image, description, price, discount, bought, added_to_cart, postponed) values (66, '2013-08-27 20:15:10', 0, 'bookhbz444Ds4', 'Teenage Paparazzo', 'http://dummyimage.com/113x100.png/5fa2dd/ffffff', 'Advanced eco-centric secured line', 2263, 76, 8832, 2615, 4936);
-- insert into books (id, pub_date, is_bestseller, slug, title, image, description, price, discount, bought, added_to_cart, postponed) values (67, '2017-10-15 20:44:03', 1, 'bookauj472MEL', 'Dead Times (Temps morts, Les)', 'http://dummyimage.com/146x100.png/cc0000/ffffff', 'Proactive web-enabled emulation', 2863, 40, 6821, 9107, 417);
-- insert into books (id, pub_date, is_bestseller, slug, title, image, description, price, discount, bought, added_to_cart, postponed) values (68, '2012-11-14 22:55:46', 1, 'bookrtp369XmI', 'Past, The (Le pass)', 'http://dummyimage.com/198x100.png/ff4444/ffffff', 'Horizontal radical contingency', 4817, 66, 3337, 9582, 1228);
-- insert into books (id, pub_date, is_bestseller, slug, title, image, description, price, discount, bought, added_to_cart, postponed) values (69, '2014-10-06 16:15:28', 1, 'bookqjt654NEe', 'Emperor''s New Groove 2: Kronk''s New Groove, The', 'http://dummyimage.com/140x100.png/cc0000/ffffff', 'Reverse-engineered 4th generation adapter', 5004, 36, 5986, 7730, 4214);
-- insert into books (id, pub_date, is_bestseller, slug, title, image, description, price, discount, bought, added_to_cart, postponed) values (70, '2019-05-14 08:50:17', 1, 'booksot354dtN', 'Sunday Day in Hell, A (En forrsdag i Helvede)', 'http://dummyimage.com/148x100.png/cc0000/ffffff', 'Object-based tangible matrices', 5862, 53, 8858, 8498, 3496);
-- insert into books (id, pub_date, is_bestseller, slug, title, image, description, price, discount, bought, added_to_cart, postponed) values (71, '2016-04-17 18:47:22', 0, 'bookfyv8289cT', 'All the Pretty Horses', 'http://dummyimage.com/108x100.png/cc0000/ffffff', 'Centralized neutral internet solution', 7383, 29, 3689, 7727, 1514);
-- insert into books (id, pub_date, is_bestseller, slug, title, image, description, price, discount, bought, added_to_cart, postponed) values (72, '2012-11-11 02:16:05', 1, 'bookjjs640diW', 'Scene at the Sea, A (Ano natsu, ichiban shizukana umi)', 'http://dummyimage.com/168x100.png/ff4444/ffffff', 'Synchronised leading edge core', 2906, 16, 9085, 1121, 7223);
-- insert into books (id, pub_date, is_bestseller, slug, title, image, description, price, discount, bought, added_to_cart, postponed) values (73, '2016-06-12 06:25:08', 0, 'bookzpb968pzt', 'Lost in Space', 'http://dummyimage.com/114x100.png/ff4444/ffffff', 'Operative directional superstructure', 8462, 85, 1306, 50, 9118);
-- insert into books (id, pub_date, is_bestseller, slug, title, image, description, price, discount, bought, added_to_cart, postponed) values (74, '2013-08-25 06:37:49', 1, 'bookdfo247Pun', 'Winslow Boy, The', 'http://dummyimage.com/182x100.png/ff4444/ffffff', 'Sharable homogeneous synergy', 7546, 45, 525, 6829, 9184);
-- insert into books (id, pub_date, is_bestseller, slug, title, image, description, price, discount, bought, added_to_cart, postponed) values (75, '2016-02-06 06:55:45', 1, 'bookxfo478IcB', 'Dish, The', 'http://dummyimage.com/152x100.png/ff4444/ffffff', 'Reverse-engineered systematic architecture', 1071, 74, 8609, 5847, 7248);
-- insert into books (id, pub_date, is_bestseller, slug, title, image, description, price, discount, bought, added_to_cart, postponed) values (76, '2018-03-18 15:09:07', 1, 'bookusc523rYn', 'Not Suitable for Children', 'http://dummyimage.com/189x100.png/cc0000/ffffff', 'Exclusive methodical software', 1408, 90, 8992, 5815, 8907);
-- insert into books (id, pub_date, is_bestseller, slug, title, image, description, price, discount, bought, added_to_cart, postponed) values (77, '2012-09-24 12:50:59', 1, 'bookaif898Jsk', 'Corto Maltese in Siberia (Corto Maltese - La cour secrte des Arcanes)', 'http://dummyimage.com/201x100.png/ff4444/ffffff', 'Pre-emptive bi-directional policy', 3296, 33, 7149, 1385, 397);
-- insert into books (id, pub_date, is_bestseller, slug, title, image, description, price, discount, bought, added_to_cart, postponed) values (78, '2012-09-24 15:45:56', 1, 'bookceh022cOz', 'Smiling Lieutenant, The', 'http://dummyimage.com/234x100.png/dddddd/000000', 'Synergized explicit utilisation', 8210, 7, 8326, 6653, 2368);
-- insert into books (id, pub_date, is_bestseller, slug, title, image, description, price, discount, bought, added_to_cart, postponed) values (79, '2018-10-24 02:56:27', 1, 'bookfyp979bnh', 'Walking Tall Part II', 'http://dummyimage.com/207x100.png/ff4444/ffffff', 'Fully-configurable mobile algorithm', 2046, 28, 8808, 3545, 6095);
-- insert into books (id, pub_date, is_bestseller, slug, title, image, description, price, discount, bought, added_to_cart, postponed) values (80, '2013-12-14 18:01:25', 1, 'bookswe752KAS', 'End of Suburbia: Oil Depletion and the Collapse of the American Dream', 'http://dummyimage.com/175x100.png/ff4444/ffffff', 'Expanded methodical emulation', 8859, 28, 9815, 6824, 1242);
-- insert into books (id, pub_date, is_bestseller, slug, title, image, description, price, discount, bought, added_to_cart, postponed) values (81, '2015-06-05 11:22:50', 1, 'bookyly194XEf', 'Heart Is Deceitful Above All Things, The', 'http://dummyimage.com/249x100.png/dddddd/000000', 'Sharable fresh-thinking migration', 7440, 62, 9575, 483, 3594);
-- insert into books (id, pub_date, is_bestseller, slug, title, image, description, price, discount, bought, added_to_cart, postponed) values (82, '2014-05-06 04:52:24', 0, 'bookrlq571bdV', 'Niagara', 'http://dummyimage.com/195x100.png/5fa2dd/ffffff', 'Focused national hardware', 5846, 50, 6770, 2122, 3819);
-- insert into books (id, pub_date, is_bestseller, slug, title, image, description, price, discount, bought, added_to_cart, postponed) values (83, '2013-03-10 08:11:43', 1, 'bookvwc466Clj', 'Terror in a Texas Town', 'http://dummyimage.com/161x100.png/dddddd/000000', 'Optional bandwidth-monitored analyzer', 9662, 94, 9837, 5765, 3422);
-- insert into books (id, pub_date, is_bestseller, slug, title, image, description, price, discount, bought, added_to_cart, postponed) values (84, '2017-07-06 04:49:15', 0, 'bookfyf628Oyb', 'Lucky', 'http://dummyimage.com/137x100.png/dddddd/000000', 'Configurable responsive Graphical User Interface', 2971, 13, 7667, 9754, 1326);
-- insert into books (id, pub_date, is_bestseller, slug, title, image, description, price, discount, bought, added_to_cart, postponed) values (85, '2015-04-07 06:57:22', 0, 'bookhud168hMC', 'To Live and Die in L.A.', 'http://dummyimage.com/216x100.png/cc0000/ffffff', 'Self-enabling asymmetric matrix', 7772, 34, 1220, 4051, 724);
-- insert into books (id, pub_date, is_bestseller, slug, title, image, description, price, discount, bought, added_to_cart, postponed) values (86, '2019-02-08 11:32:19', 1, 'bookwpm7986q7', 'Macao', 'http://dummyimage.com/238x100.png/dddddd/000000', 'Reactive dynamic collaboration', 6567, 24, 7397, 6563, 332);
-- insert into books (id, pub_date, is_bestseller, slug, title, image, description, price, discount, bought, added_to_cart, postponed) values (87, '2020-02-12 03:53:29', 1, 'bookqvs292UWE', 'Zus & Zo', 'http://dummyimage.com/202x100.png/cc0000/ffffff', 'Front-line local Graphic Interface', 1910, 9, 5908, 4947, 1319);
-- insert into books (id, pub_date, is_bestseller, slug, title, image, description, price, discount, bought, added_to_cart, postponed) values (88, '2016-02-28 08:54:40', 1, 'bookltg784ovH', 'Take Care of My Cat (Goyangileul butaghae)', 'http://dummyimage.com/147x100.png/ff4444/ffffff', 'Synergized stable hardware', 2401, 51, 8164, 3679, 6314);
-- insert into books (id, pub_date, is_bestseller, slug, title, image, description, price, discount, bought, added_to_cart, postponed) values (89, '2018-04-18 07:13:31', 1, 'booktut040WUv', 'Scary or Die', 'http://dummyimage.com/176x100.png/cc0000/ffffff', 'Monitored neutral circuit', 4962, 94, 980, 3980, 489);
-- insert into books (id, pub_date, is_bestseller, slug, title, image, description, price, discount, bought, added_to_cart, postponed) values (90, '2016-11-23 12:36:49', 1, 'bookzgy845NUJ', 'Cinderella', 'http://dummyimage.com/247x100.png/dddddd/000000', 'Focused explicit installation', 9699, 61, 9134, 7088, 6878);
-- insert into books (id, pub_date, is_bestseller, slug, title, image, description, price, discount, bought, added_to_cart, postponed) values (91, '2014-01-19 00:33:25', 0, 'bookxcc535CSD', 'Demetrius and the Gladiators', 'http://dummyimage.com/237x100.png/dddddd/000000', 'Self-enabling exuding framework', 5769, 95, 1736, 2606, 1422);
-- insert into books (id, pub_date, is_bestseller, slug, title, image, description, price, discount, bought, added_to_cart, postponed) values (92, '2020-03-20 15:41:46', 1, 'bookaei126KFd', 'Ethel', 'http://dummyimage.com/244x100.png/ff4444/ffffff', 'Re-contextualized content-based success', 391, 78, 4896, 9071, 3114);
-- insert into books (id, pub_date, is_bestseller, slug, title, image, description, price, discount, bought, added_to_cart, postponed) values (93, '2015-06-22 01:57:06', 0, 'booksro460ubv', 'Fade to Black', 'http://dummyimage.com/130x100.png/ff4444/ffffff', 'Extended optimal algorithm', 4270, 92, 9535, 5334, 2383);
-- insert into books (id, pub_date, is_bestseller, slug, title, image, description, price, discount, bought, added_to_cart, postponed) values (94, '2016-01-15 15:38:17', 1, 'bookaqr131HmF', 'Anthony Zimmer', 'http://dummyimage.com/242x100.png/cc0000/ffffff', 'Public-key fault-tolerant solution', 2590, 84, 6076, 4575, 4998);
-- insert into books (id, pub_date, is_bestseller, slug, title, image, description, price, discount, bought, added_to_cart, postponed) values (95, '2018-11-07 08:50:52', 0, 'booksbo148v87', 'Evil Aliens', 'http://dummyimage.com/186x100.png/dddddd/000000', 'Optional 24 hour frame', 2401, 79, 6532, 7199, 1966);
-- insert into books (id, pub_date, is_bestseller, slug, title, image, description, price, discount, bought, added_to_cart, postponed) values (96, '2020-01-26 02:32:07', 1, 'bookygb324z4a', 'Once Around', 'http://dummyimage.com/120x100.png/dddddd/000000', 'Adaptive 5th generation concept', 5688, 72, 4166, 504, 2342);
-- insert into books (id, pub_date, is_bestseller, slug, title, image, description, price, discount, bought, added_to_cart, postponed) values (97, '2020-02-12 21:01:50', 0, 'booksws771c1D', 'Huhwihaji Anha (No Regret)', 'http://dummyimage.com/218x100.png/cc0000/ffffff', 'Diverse foreground neural-net', 140, 41, 9366, 1733, 5948);
-- insert into books (id, pub_date, is_bestseller, slug, title, image, description, price, discount, bought, added_to_cart, postponed) values (98, '2015-11-12 14:31:11', 1, 'bookcie932kti', 'The Pacific', 'http://dummyimage.com/109x100.png/5fa2dd/ffffff', 'Programmable impactful model', 5479, 58, 3942, 686, 4366);
-- insert into books (id, pub_date, is_bestseller, slug, title, image, description, price, discount, bought, added_to_cart, postponed) values (99, '2014-03-13 20:19:58', 1, 'bookipz982EGe', 'Ride with the Devil', 'http://dummyimage.com/245x100.png/5fa2dd/ffffff', 'Synchronised neutral instruction set', 8420, 29, 8194, 9089, 100);
-- insert into books (id, pub_date, is_bestseller, slug, title, image, description, price, discount, bought, added_to_cart, postponed) values (100, '2014-03-31 14:49:24', 0, 'booktwv816ZbO', 'Roommates', 'http://dummyimage.com/101x100.png/5fa2dd/ffffff', 'Exclusive exuding service-desk', 8298, 38, 4444, 2825, 4029);
--
--
--
-- insert into book2author (id, author_id, book_id) values (1, 8, 41);
-- insert into book2author (id, author_id, book_id) values (2, 18, 59);
-- insert into book2author (id, author_id, book_id) values (3, 5, 100);
-- insert into book2author (id, author_id, book_id) values (4, 6, 73);
-- insert into book2author (id, author_id, book_id) values (5, 15, 84);
-- insert into book2author (id, author_id, book_id) values (6, 21, 69);
-- insert into book2author (id, author_id, book_id) values (7, 6, 8);
-- insert into book2author (id, author_id, book_id) values (8, 15, 46);
-- insert into book2author (id, author_id, book_id) values (9, 15, 19);
-- insert into book2author (id, author_id, book_id) values (10, 12, 96);
-- insert into book2author (id, author_id, book_id) values (11, 21, 99);
-- insert into book2author (id, author_id, book_id) values (12, 14, 61);
-- insert into book2author (id, author_id, book_id) values (13, 7, 38);
-- insert into book2author (id, author_id, book_id) values (14, 5, 71);
-- insert into book2author (id, author_id, book_id) values (15, 20, 96);
-- insert into book2author (id, author_id, book_id) values (16, 1, 5);
-- insert into book2author (id, author_id, book_id) values (17, 14, 27);
-- insert into book2author (id, author_id, book_id) values (18, 9, 76);
-- insert into book2author (id, author_id, book_id) values (19, 10, 19);
-- insert into book2author (id, author_id, book_id) values (20, 18, 42);
-- insert into book2author (id, author_id, book_id) values (21, 13, 26);
-- insert into book2author (id, author_id, book_id) values (22, 14, 14);
-- insert into book2author (id, author_id, book_id) values (23, 15, 72);
-- insert into book2author (id, author_id, book_id) values (24, 5, 16);
-- insert into book2author (id, author_id, book_id) values (25, 15, 44);
-- insert into book2author (id, author_id, book_id) values (26, 17, 13);
-- insert into book2author (id, author_id, book_id) values (27, 13, 27);
-- insert into book2author (id, author_id, book_id) values (28, 14, 19);
-- insert into book2author (id, author_id, book_id) values (29, 3, 97);
-- insert into book2author (id, author_id, book_id) values (30, 17, 83);
-- insert into book2author (id, author_id, book_id) values (31, 20, 29);
-- insert into book2author (id, author_id, book_id) values (32, 20, 47);
-- insert into book2author (id, author_id, book_id) values (33, 17, 73);
-- insert into book2author (id, author_id, book_id) values (34, 6, 89);
-- insert into book2author (id, author_id, book_id) values (35, 19, 90);
-- insert into book2author (id, author_id, book_id) values (36, 14, 72);
-- insert into book2author (id, author_id, book_id) values (37, 18, 91);
-- insert into book2author (id, author_id, book_id) values (38, 14, 63);
-- insert into book2author (id, author_id, book_id) values (39, 4, 83);
-- insert into book2author (id, author_id, book_id) values (40, 2, 3);
-- insert into book2author (id, author_id, book_id) values (41, 20, 37);
-- insert into book2author (id, author_id, book_id) values (42, 15, 75);
-- insert into book2author (id, author_id, book_id) values (43, 4, 30);
-- insert into book2author (id, author_id, book_id) values (44, 2, 67);
-- insert into book2author (id, author_id, book_id) values (45, 2, 93);
-- insert into book2author (id, author_id, book_id) values (46, 4, 46);
-- insert into book2author (id, author_id, book_id) values (47, 4, 85);
-- insert into book2author (id, author_id, book_id) values (48, 18, 17);
-- insert into book2author (id, author_id, book_id) values (49, 14, 45);
-- insert into book2author (id, author_id, book_id) values (50, 1, 100);
-- insert into book2author (id, author_id, book_id) values (51, 12, 100);
-- insert into book2author (id, author_id, book_id) values (52, 4, 94);
-- insert into book2author (id, author_id, book_id) values (53, 9, 54);
-- insert into book2author (id, author_id, book_id) values (54, 3, 83);
-- insert into book2author (id, author_id, book_id) values (55, 9, 91);
-- insert into book2author (id, author_id, book_id) values (56, 17, 10);
-- insert into book2author (id, author_id, book_id) values (57, 6, 33);
-- insert into book2author (id, author_id, book_id) values (58, 20, 67);
-- insert into book2author (id, author_id, book_id) values (59, 14, 41);
-- insert into book2author (id, author_id, book_id) values (60, 19, 3);
-- insert into book2author (id, author_id, book_id) values (61, 10, 38);
-- insert into book2author (id, author_id, book_id) values (62, 15, 89);
-- insert into book2author (id, author_id, book_id) values (63, 1, 58);
-- insert into book2author (id, author_id, book_id) values (64, 11, 30);
-- insert into book2author (id, author_id, book_id) values (65, 15, 10);
-- insert into book2author (id, author_id, book_id) values (66, 2, 86);
-- insert into book2author (id, author_id, book_id) values (67, 4, 61);
-- insert into book2author (id, author_id, book_id) values (68, 21, 61);
-- insert into book2author (id, author_id, book_id) values (69, 6, 89);
-- insert into book2author (id, author_id, book_id) values (70, 17, 10);
-- insert into book2author (id, author_id, book_id) values (71, 15, 94);
-- insert into book2author (id, author_id, book_id) values (72, 15, 31);
-- insert into book2author (id, author_id, book_id) values (73, 1, 45);
-- insert into book2author (id, author_id, book_id) values (74, 6, 72);
-- insert into book2author (id, author_id, book_id) values (75, 8, 10);
-- insert into book2author (id, author_id, book_id) values (76, 9, 54);
-- insert into book2author (id, author_id, book_id) values (77, 16, 6);
-- insert into book2author (id, author_id, book_id) values (78, 2, 81);
-- insert into book2author (id, author_id, book_id) values (79, 20, 99);
-- insert into book2author (id, author_id, book_id) values (80, 15, 19);
-- insert into book2author (id, author_id, book_id) values (81, 7, 15);
-- insert into book2author (id, author_id, book_id) values (82, 18, 37);
-- insert into book2author (id, author_id, book_id) values (83, 7, 58);
-- insert into book2author (id, author_id, book_id) values (84, 5, 15);
-- insert into book2author (id, author_id, book_id) values (85, 16, 19);
-- insert into book2author (id, author_id, book_id) values (86, 13, 74);
-- insert into book2author (id, author_id, book_id) values (87, 20, 98);
-- insert into book2author (id, author_id, book_id) values (88, 10, 80);
-- insert into book2author (id, author_id, book_id) values (89, 5, 8);
-- insert into book2author (id, author_id, book_id) values (90, 2, 51);
-- insert into book2author (id, author_id, book_id) values (91, 12, 11);
-- insert into book2author (id, author_id, book_id) values (92, 8, 93);
-- insert into book2author (id, author_id, book_id) values (93, 9, 40);
-- insert into book2author (id, author_id, book_id) values (94, 4, 78);
-- insert into book2author (id, author_id, book_id) values (95, 10, 19);
-- insert into book2author (id, author_id, book_id) values (96, 13, 84);
-- insert into book2author (id, author_id, book_id) values (97, 18, 2);
-- insert into book2author (id, author_id, book_id) values (98, 19, 33);
-- insert into book2author (id, author_id, book_id) values (99, 7, 79);
-- insert into book2author (id, author_id, book_id) values (100, 15, 99);
-- insert into book2author (id, author_id, book_id) values (101, 4, 3);
-- insert into book2author (id, author_id, book_id) values (102, 4, 38);
-- insert into book2author (id, author_id, book_id) values (103, 4, 89);
-- insert into book2author (id, author_id, book_id) values (104 , 4, 58);
-- insert into book2author (id, author_id, book_id) values (105 , 4, 30);
-- insert into book2author (id, author_id, book_id) values (106 , 4, 10);
-- insert into book2author (id, author_id, book_id) values (107 , 4, 86);
-- insert into book2author (id, author_id, book_id) values (108 , 4, 60);
-- insert into book2author (id, author_id, book_id) values (109 , 4, 62);
-- insert into book2author (id, author_id, book_id) values (110 , 4, 89);
-- insert into book2author (id, author_id, book_id) values (111, 4, 10);
-- insert into book2author (id, author_id, book_id) values (112, 4, 94);
-- insert into book2author (id, author_id, book_id) values (113, 4, 31);
-- insert into book2author (id, author_id, book_id) values (114, 4, 45);
-- insert into book2author (id, author_id, book_id) values (115, 4, 72);
-- insert into book2author (id, author_id, book_id) values (116, 4, 10);
-- insert into book2author (id, author_id, book_id) values (117, 4, 54);
-- insert into book2author (id, author_id, book_id) values (118, 4, 6);
-- insert into book2author (id, author_id, book_id) values (119, 4, 81);
-- insert into book2author (id, author_id, book_id) values (120, 4, 99);
-- insert into book2author (id, author_id, book_id) values (121, 4, 19);
-- insert into book2author (id, author_id, book_id) values (122, 4, 15);
-- insert into book2author (id, author_id, book_id) values (123, 4, 37);
-- insert into book2author (id, author_id, book_id) values (124, 4, 58);
-- insert into book2author (id, author_id, book_id) values (125, 4, 15);
-- insert into book2author (id, author_id, book_id) values (126, 4, 19);
-- insert into book2author (id, author_id, book_id) values (127, 4, 74);
-- insert into book2author (id, author_id, book_id) values (128, 4, 98);
-- insert into book2author (id, author_id, book_id) values (129, 4, 80);
-- insert into book2author (id, author_id, book_id) values (130, 4, 8);
-- insert into book2author (id, author_id, book_id) values (131, 4, 51);
-- insert into book2author (id, author_id, book_id) values (132, 4, 11);
-- insert into book2author (id, author_id, book_id) values (133, 4, 93);
-- insert into book2author (id, author_id, book_id) values (134, 4, 40);
-- insert into book2author (id, author_id, book_id) values (135, 4, 78);
-- insert into book2author (id, author_id, book_id) values (136, 4, 19);
-- insert into book2author (id, author_id, book_id) values (137, 4, 84);
-- insert into book2author (id, author_id, book_id) values (138, 4, 2);
-- insert into book2author (id, author_id, book_id) values (139, 4, 33);
-- insert into book2author (id, author_id, book_id) values (140, 4, 79);
-- insert into book2author (id, author_id, book_id) values (141, 4, 99);
--
--
-- insert into tags (id, name, slug) values (1, 'современная литература', 'sovremennaya-literatura');
-- insert into tags (id, name, slug) values (2, 'классическая литература', 'klassicheskaya-literatura');
-- insert into tags (id, name, slug) values (3, 'зарубежная литература', 'zarubezhnaya-literatura');
-- insert into tags (id, name, slug) values (4, 'фэнтези', 'fentezi');
-- insert into tags (id, name, slug) values (5, 'английская литература', 'anglijskaya-literatura');
-- insert into tags (id, name, slug) values (6, 'русская литература', 'russkaya-literatura');
-- insert into tags (id, name, slug) values (7, 'американская литература', 'amerikanskaya-literatura');
-- insert into tags (id, name, slug) values (8, 'фантастика', 'fantastika');
-- insert into tags (id, name, slug) values (9, 'детская литература', 'detskaya-literatura');
-- insert into tags (id, name, slug) values (10, 'детектив', 'detektiv');
-- insert into tags (id, name, slug) values (11, 'любовь', 'lyubov');
-- insert into tags (id, name, slug) values (12, 'мистика', 'mistika');
-- insert into tags (id, name, slug) values (13, 'юмор', 'yumor');
-- insert into tags (id, name, slug) values (14, 'приключения', 'priklyucheniya');
-- insert into tags (id, name, slug) values (15, 'сказка', 'skazka');
-- insert into tags (id, name, slug) values (16, 'французская литература', 'francuzskaya-literatura');
-- insert into tags (id, name, slug) values (17, 'англия', 'angliya');
-- insert into tags (id, name, slug) values (18, 'художественная литература', 'hudozhestvennaya-literatura');
-- insert into tags (id, name, slug) values (19, 'психология', 'psihologiya');
-- insert into tags (id, name, slug) values (20, 'философия', 'filosofiya');
-- insert into tags (id, name, slug) values (21, 'экранизировано', 'ekranizirovano');
-- insert into tags (id, name, slug) values (22, 'любимое', 'lyubimoe');
-- insert into tags (id, name, slug) values (23, 'антиутопия', 'antiutopiya');
-- insert into tags (id, name, slug) values (24, 'books you must read before you die', 'must-read-before-you-die');
-- insert into tags (id, name, slug) values (25, 'роман', 'roman');
-- insert into tags (id, name, slug) values (26, 'франция', 'franciya');
-- insert into tags (id, name, slug) values (27, 'дайте две', 'dajte-dve');
-- insert into tags (id, name, slug) values (28, 'young adult', 'young-adult');
-- insert into tags (id, name, slug) values (29, 'война', 'war');
-- insert into tags (id, name, slug) values (30, 'история', 'history');
-- insert into tags (id, name, slug) values (31, 'флэшмоб 2016', 'flashmob-2016');
-- insert into tags (id, name, slug) values (32, 'детство', 'detstvo');
-- insert into tags (id, name, slug) values (33, 'жизнь', 'life');
-- insert into tags (id, name, slug) values (34, 'драма', 'drama');
-- insert into tags (id, name, slug) values (35, 'россия', 'russia');
-- insert into tags (id, name, slug) values (36, 'книжное путешествие', 'book-jorney');
-- insert into tags (id, name, slug) values (37, 'советская литература', 'soviet-literature');
-- insert into tags (id, name, slug) values (38, 'триллер', 'thriller');
-- insert into tags (id, name, slug) values (39, 'америка', 'usa');
-- insert into tags (id, name, slug) values (40, 'немецкая литература', 'german-literature');
-- insert into tags (id, name, slug) values (41, 'вампиры', 'vampires');
-- insert into tags (id, name, slug) values (42, 'школьная программа', 'school-program');
-- insert into tags (id, name, slug) values (43, 'рассказы', 'stories');
-- insert into tags (id, name, slug) values (44, 'магия', 'magic');
-- insert into tags (id, name, slug) values (45, 'дети', 'kids');
-- insert into tags (id, name, slug) values (46, 'русская классика', 'russian-classic');
-- insert into tags (id, name, slug) values (47, 'флэшмоб 2015', 'flashmob-2015');
-- insert into tags (id, name, slug) values (48, 'биография', 'biography');
-- insert into tags (id, name, slug) values (49, 'english', 'english');
--
--
-- insert into book2tag (tag_id, book_id) values (28, 10);
-- insert into book2tag (tag_id, book_id) values (29, 6);
-- insert into book2tag (tag_id, book_id) values (41, 31);
-- insert into book2tag (tag_id, book_id) values (11, 83);
-- insert into book2tag (tag_id, book_id) values (17, 85);
-- insert into book2tag (tag_id, book_id) values (30, 92);
-- insert into book2tag (tag_id, book_id) values (15, 6);
-- insert into book2tag (tag_id, book_id) values (20, 4);
-- insert into book2tag (tag_id, book_id) values (13, 35);
-- insert into book2tag (tag_id, book_id) values (27, 4);
-- insert into book2tag (tag_id, book_id) values (37, 4);
-- insert into book2tag (tag_id, book_id) values (41, 20);
-- insert into book2tag (tag_id, book_id) values (42, 63);
-- insert into book2tag (tag_id, book_id) values (2, 20);
-- insert into book2tag (tag_id, book_id) values (46, 24);
-- insert into book2tag (tag_id, book_id) values (25, 22);
-- insert into book2tag (tag_id, book_id) values (11, 3);
-- insert into book2tag (tag_id, book_id) values (42, 82);
-- insert into book2tag (tag_id, book_id) values (11, 12);
-- insert into book2tag (tag_id, book_id) values (40, 100);
-- insert into book2tag (tag_id, book_id) values (37, 70);
-- insert into book2tag (tag_id, book_id) values (30, 45);
-- insert into book2tag (tag_id, book_id) values (23, 21);
-- insert into book2tag (tag_id, book_id) values (25, 55);
-- insert into book2tag (tag_id, book_id) values (32, 20);
-- insert into book2tag (tag_id, book_id) values (49, 48);
-- insert into book2tag (tag_id, book_id) values (8, 64);
-- insert into book2tag (tag_id, book_id) values (33, 79);
-- insert into book2tag (tag_id, book_id) values (31, 54);
-- insert into book2tag (tag_id, book_id) values (13, 3);
-- insert into book2tag (tag_id, book_id) values (42, 99);
-- insert into book2tag (tag_id, book_id) values (13, 37);
-- insert into book2tag (tag_id, book_id) values (39, 7);
-- insert into book2tag (tag_id, book_id) values (37, 31);
-- insert into book2tag (tag_id, book_id) values (38, 61);
-- insert into book2tag (tag_id, book_id) values (18, 61);
-- insert into book2tag (tag_id, book_id) values (11, 49);
-- insert into book2tag (tag_id, book_id) values (44, 2);
-- insert into book2tag (tag_id, book_id) values (1, 60);
-- insert into book2tag (tag_id, book_id) values (43, 13);
-- insert into book2tag (tag_id, book_id) values (16, 19);
-- insert into book2tag (tag_id, book_id) values (11, 28);
-- insert into book2tag (tag_id, book_id) values (9, 72);
-- insert into book2tag (tag_id, book_id) values (45, 36);
-- insert into book2tag (tag_id, book_id) values (40, 63);
-- insert into book2tag (tag_id, book_id) values (46, 36);
-- insert into book2tag (tag_id, book_id) values (34, 91);
-- insert into book2tag (tag_id, book_id) values (34, 43);
-- insert into book2tag (tag_id, book_id) values (5, 43);
-- insert into book2tag (tag_id, book_id) values (42, 36);
-- insert into book2tag (tag_id, book_id) values (24, 3);
-- insert into book2tag (tag_id, book_id) values (11, 23);
-- insert into book2tag (tag_id, book_id) values (32, 67);
-- insert into book2tag (tag_id, book_id) values (27, 32);
-- insert into book2tag (tag_id, book_id) values (15, 45);
-- insert into book2tag (tag_id, book_id) values (45, 39);
-- insert into book2tag (tag_id, book_id) values (33, 44);
-- insert into book2tag (tag_id, book_id) values (10, 38);
-- insert into book2tag (tag_id, book_id) values (37, 53);
-- insert into book2tag (tag_id, book_id) values (41, 79);
-- insert into book2tag (tag_id, book_id) values (39, 37);
-- insert into book2tag (tag_id, book_id) values (48, 43);
-- insert into book2tag (tag_id, book_id) values (24, 40);
-- insert into book2tag (tag_id, book_id) values (23, 44);
-- insert into book2tag (tag_id, book_id) values (39, 23);
-- insert into book2tag (tag_id, book_id) values (5, 5);
-- insert into book2tag (tag_id, book_id) values (40, 48);
-- insert into book2tag (tag_id, book_id) values (9, 89);
-- insert into book2tag (tag_id, book_id) values (41, 73);
-- insert into book2tag (tag_id, book_id) values (48, 79);
-- insert into book2tag (tag_id, book_id) values (36, 26);
-- insert into book2tag (tag_id, book_id) values (7, 28);
-- insert into book2tag (tag_id, book_id) values (47, 99);
-- insert into book2tag (tag_id, book_id) values (28, 71);
-- insert into book2tag (tag_id, book_id) values (49, 33);
-- insert into book2tag (tag_id, book_id) values (45, 32);
-- insert into book2tag (tag_id, book_id) values (35, 53);
-- insert into book2tag (tag_id, book_id) values (1, 56);
-- insert into book2tag (tag_id, book_id) values (4, 94);
-- insert into book2tag (tag_id, book_id) values (1, 46);
-- insert into book2tag (tag_id, book_id) values (3, 17);
-- insert into book2tag (tag_id, book_id) values (28, 14);
-- insert into book2tag (tag_id, book_id) values (21, 56);
-- insert into book2tag (tag_id, book_id) values (48, 79);
-- insert into book2tag (tag_id, book_id) values (20, 95);
-- insert into book2tag (tag_id, book_id) values (29, 100);
-- insert into book2tag (tag_id, book_id) values (48, 98);
-- insert into book2tag (tag_id, book_id) values (23, 69);
-- insert into book2tag (tag_id, book_id) values (4, 39);
-- insert into book2tag (tag_id, book_id) values (36, 70);
-- insert into book2tag (tag_id, book_id) values (37, 46);
-- insert into book2tag (tag_id, book_id) values (14, 48);
-- insert into book2tag (tag_id, book_id) values (5, 78);
-- insert into book2tag (tag_id, book_id) values (3, 79);
-- insert into book2tag (tag_id, book_id) values (5, 49);
-- insert into book2tag (tag_id, book_id) values (9, 15);
-- insert into book2tag (tag_id, book_id) values (38, 21);
-- insert into book2tag (tag_id, book_id) values (33, 18);
-- insert into book2tag (tag_id, book_id) values (34, 84);
-- insert into book2tag (tag_id, book_id) values (8, 74);
-- insert into book2tag (tag_id, book_id) values (42, 13);
-- insert into book2tag (tag_id, book_id) values (49, 73);
-- insert into book2tag (tag_id, book_id) values (25, 63);
-- insert into book2tag (tag_id, book_id) values (38, 66);
-- insert into book2tag (tag_id, book_id) values (48, 81);
-- insert into book2tag (tag_id, book_id) values (2, 95);
-- insert into book2tag (tag_id, book_id) values (39, 76);
-- insert into book2tag (tag_id, book_id) values (18, 23);
-- insert into book2tag (tag_id, book_id) values (8, 24);
-- insert into book2tag (tag_id, book_id) values (16, 78);
-- insert into book2tag (tag_id, book_id) values (38, 23);
-- insert into book2tag (tag_id, book_id) values (14, 41);
-- insert into book2tag (tag_id, book_id) values (48, 17);
-- insert into book2tag (tag_id, book_id) values (34, 4);
-- insert into book2tag (tag_id, book_id) values (14, 49);
-- insert into book2tag (tag_id, book_id) values (49, 46);
-- insert into book2tag (tag_id, book_id) values (42, 30);
-- insert into book2tag (tag_id, book_id) values (43, 36);
-- insert into book2tag (tag_id, book_id) values (33, 82);
-- insert into book2tag (tag_id, book_id) values (37, 95);
-- insert into book2tag (tag_id, book_id) values (13, 29);
-- insert into book2tag (tag_id, book_id) values (2, 28);
-- insert into book2tag (tag_id, book_id) values (21, 46);
-- insert into book2tag (tag_id, book_id) values (23, 80);
-- insert into book2tag (tag_id, book_id) values (1, 82);
-- insert into book2tag (tag_id, book_id) values (37, 53);
-- insert into book2tag (tag_id, book_id) values (23, 95);
-- insert into book2tag (tag_id, book_id) values (21, 25);
-- insert into book2tag (tag_id, book_id) values (31, 100);
-- insert into book2tag (tag_id, book_id) values (34, 30);
-- insert into book2tag (tag_id, book_id) values (15, 14);
-- insert into book2tag (tag_id, book_id) values (22, 49);
-- insert into book2tag (tag_id, book_id) values (33, 5);
-- insert into book2tag (tag_id, book_id) values (44, 15);
-- insert into book2tag (tag_id, book_id) values (47, 59);
-- insert into book2tag (tag_id, book_id) values (26, 25);
-- insert into book2tag (tag_id, book_id) values (42, 9);
-- insert into book2tag (tag_id, book_id) values (18, 41);
-- insert into book2tag (tag_id, book_id) values (1, 61);
-- insert into book2tag (tag_id, book_id) values (39, 75);
-- insert into book2tag (tag_id, book_id) values (16, 91);
-- insert into book2tag (tag_id, book_id) values (49, 35);
-- insert into book2tag (tag_id, book_id) values (7, 91);
-- insert into book2tag (tag_id, book_id) values (3, 84);
-- insert into book2tag (tag_id, book_id) values (42, 33);
-- insert into book2tag (tag_id, book_id) values (41, 35);
-- insert into book2tag (tag_id, book_id) values (6, 11);
-- insert into book2tag (tag_id, book_id) values (22, 36);
-- insert into book2tag (tag_id, book_id) values (31, 56);
-- insert into book2tag (tag_id, book_id) values (34, 74);
-- insert into book2tag (tag_id, book_id) values (4, 91);
-- insert into book2tag (tag_id, book_id) values (21, 34);
-- insert into book2tag (tag_id, book_id) values (48, 100);
-- insert into book2tag (tag_id, book_id) values (22, 11);
-- insert into book2tag (tag_id, book_id) values (34, 80);
-- insert into book2tag (tag_id, book_id) values (15, 3);
-- insert into book2tag (tag_id, book_id) values (1, 63);
-- insert into book2tag (tag_id, book_id) values (40, 35);
-- insert into book2tag (tag_id, book_id) values (41, 65);
-- insert into book2tag (tag_id, book_id) values (14, 39);
-- insert into book2tag (tag_id, book_id) values (6, 88);
-- insert into book2tag (tag_id, book_id) values (12, 53);
-- insert into book2tag (tag_id, book_id) values (39, 27);
-- insert into book2tag (tag_id, book_id) values (46, 75);
-- insert into book2tag (tag_id, book_id) values (10, 27);
-- insert into book2tag (tag_id, book_id) values (4, 85);
-- insert into book2tag (tag_id, book_id) values (41, 1);
-- insert into book2tag (tag_id, book_id) values (47, 41);
-- insert into book2tag (tag_id, book_id) values (24, 76);
-- insert into book2tag (tag_id, book_id) values (48, 12);
-- insert into book2tag (tag_id, book_id) values (15, 27);
-- insert into book2tag (tag_id, book_id) values (30, 45);
-- insert into book2tag (tag_id, book_id) values (41, 36);
-- insert into book2tag (tag_id, book_id) values (10, 18);
-- insert into book2tag (tag_id, book_id) values (1, 21);
-- insert into book2tag (tag_id, book_id) values (15, 50);
-- insert into book2tag (tag_id, book_id) values (18, 31);
-- insert into book2tag (tag_id, book_id) values (29, 29);
-- insert into book2tag (tag_id, book_id) values (4, 61);
-- insert into book2tag (tag_id, book_id) values (26, 40);
-- insert into book2tag (tag_id, book_id) values (35, 89);
-- insert into book2tag (tag_id, book_id) values (10, 8);
-- insert into book2tag (tag_id, book_id) values (1, 60);
-- insert into book2tag (tag_id, book_id) values (22, 88);
-- insert into book2tag (tag_id, book_id) values (38, 100);
-- insert into book2tag (tag_id, book_id) values (47, 26);
-- insert into book2tag (tag_id, book_id) values (38, 57);
-- insert into book2tag (tag_id, book_id) values (30, 29);
-- insert into book2tag (tag_id, book_id) values (18, 55);
-- insert into book2tag (tag_id, book_id) values (15, 73);
-- insert into book2tag (tag_id, book_id) values (37, 55);
-- insert into book2tag (tag_id, book_id) values (37, 59);
-- insert into book2tag (tag_id, book_id) values (48, 83);
-- insert into book2tag (tag_id, book_id) values (43, 64);
-- insert into book2tag (tag_id, book_id) values (1, 4);
-- insert into book2tag (tag_id, book_id) values (4, 9);
-- insert into book2tag (tag_id, book_id) values (32, 92);
-- insert into book2tag (tag_id, book_id) values (34, 70);
-- insert into book2tag (tag_id, book_id) values (5, 90);
-- insert into book2tag (tag_id, book_id) values (25, 5);
--
--
--
-- insert into genre (id, name, parent_id, slug) values (1, 'Лёгкое чтение', null, 'easy-reading');
-- insert into genre (id, name, parent_id, slug) values (2, 'Фантастика', 1, 'science-fiction');
-- insert into genre (id, name, parent_id, slug) values (3, 'Боевики', 1, 'action');
-- insert into genre (id, name, parent_id, slug) values (4, 'Детективы', 1, 'detective');
-- insert into genre (id, name, parent_id, slug) values (5, 'Триллер', 4, 'thriller');
-- insert into genre (id, name, parent_id, slug) values (6, 'Крутой детектив', 4, 'cool-detective');
-- insert into genre (id, name, parent_id, slug) values (7, 'Иронический детектив', 4, 'ironic-detective');
-- insert into genre (id, name, parent_id, slug) values (8, 'Про маньяков', 4, 'maniacs');
-- insert into genre (id, name, parent_id, slug) values (9, 'Шпионский детектив', 4, 'spy-detective');
-- insert into genre (id, name, parent_id, slug) values (10, 'Криминальный детектив', 4, 'crime-detective');
-- insert into genre (id, name, parent_id, slug) values (11, 'Классический детектив', 4, 'classic-detective');
-- insert into genre (id, name, parent_id, slug) values (12, 'Политический детектив', 4, 'politics-detective');
-- insert into genre (id, name, parent_id, slug) values (13, 'Фэнтези', 1, 'fantasy');
-- insert into genre (id, name, parent_id, slug) values (14, 'Романы', 1, 'novel');
-- insert into genre (id, name, parent_id, slug) values (15, 'Ужасы', 1, 'horror');
-- insert into genre (id, name, parent_id, slug) values (16, 'Приключения', 1, 'adventure');
-- insert into genre (id, name, parent_id, slug) values (17, 'Серьёзное чтение', null , 'serious-reading');
-- insert into genre (id, name, parent_id, slug) values (18, 'Биографии', 17, 'biography');
-- insert into genre (id, name, parent_id, slug) values (19, 'Деловая литература', null , 'business-literature');
-- insert into genre (id, name, parent_id, slug) values (20, 'Управление экономикой', 19, 'economic-management');
-- insert into genre (id, name, parent_id, slug) values (21, 'Карьера', 19, 'career');
-- insert into genre (id, name, parent_id, slug) values (22, 'Маркетинг, PR, реклама', 19, 'marketing-pr-ads');
-- insert into genre (id, name, parent_id, slug) values (23, 'Финансы', 19, 'finance');
-- insert into genre (id, name, parent_id, slug) values (24, 'Бизнес-справочники', 19, 'business-reference-books');
-- insert into genre (id, name, parent_id, slug) values (25, 'Личные финансы', 19, 'private-literature');
-- insert into genre (id, name, parent_id, slug) values (26, 'Менеджмент', 19, 'management');
-- insert into genre (id, name, parent_id, slug) values (27, 'Зарубежная деловая литература', 19, 'foreign-business-literature');
-- insert into genre (id, name, parent_id, slug) values (28, 'Личная эффективность', 19, 'self-efficiency');
-- insert into genre (id, name, parent_id, slug) values (29, 'Тайм-менеджмент', 19, 'time-management');
-- insert into genre (id, name, parent_id, slug) values (30, 'Малый бизнес', 19, 'small-enterprise');
-- insert into genre (id, name, parent_id, slug) values (31, 'Продажи', 19, 'sales');
-- insert into genre (id, name, parent_id, slug) values (32, 'Стартапы и создание бизнеса', 19, 'startups-business-creation');
-- insert into genre (id, name, parent_id, slug) values (33, 'Корпоративная культура', 19, 'corporate-culture');
-- insert into genre (id, name, parent_id, slug) values (34, 'Банковское дело', 19, 'banking');
-- insert into genre (id, name, parent_id, slug) values (35, 'Логистика', 19, 'logistics');
-- insert into genre (id, name, parent_id, slug) values (36, 'Недвижимость', 19, 'real-estate');
-- insert into genre (id, name, parent_id, slug) values (37, 'Интернет-бизнес', 19, 'e-commerce');
-- insert into genre (id, name, parent_id, slug) values (38, 'Ораторское искусство / риторика', 19, 'oratory-rhetoric');
-- insert into genre (id, name, parent_id, slug) values (39, 'Привлечение клиентов и лояльность', 19, 'customer-acquisition-loyalty');
-- insert into genre (id, name, parent_id, slug) values (40, 'Делопроизводство', 19, 'office-work');
-- insert into genre (id, name, parent_id, slug) values (41, 'Переговоры', 19, 'negotiation');
-- insert into genre (id, name, parent_id, slug) values (42, 'Государственное и муниципальное управление, политическое управление', 19, 'state-management');
-- insert into genre (id, name, parent_id, slug) values (43, 'О бизнесе популярно', 19, 'simple-about-business');
-- insert into genre (id, name, parent_id, slug) values (44, 'Ценные бумаги / инвестиции', 19, 'securities-investment');
-- insert into genre (id, name, parent_id, slug) values (45, 'Бухучет / налогообложение / аудит', 19, 'Accounting-taxation-audit');
-- insert into genre (id, name, parent_id, slug) values (46, 'Российская практика', 19, 'russian-practise');
-- insert into genre (id, name, parent_id, slug) values (47, 'Истории успеха', 19, 'success-stories');
-- insert into genre (id, name, parent_id, slug) values (48, 'Интернет-маркетинг', 19, 'internet-marketing');
-- insert into genre (id, name, parent_id, slug) values (49, 'Лидерство', 19, 'leadership');
-- insert into genre (id, name, parent_id, slug) values (50, 'Проектный менеджмент', 19, 'project-management');
-- insert into genre (id, name, parent_id, slug) values (51, 'Управление качеством', 19, 'quality-management');
-- insert into genre (id, name, parent_id, slug) values (52, 'Финансовый менеджмент', 19, 'finance-management');
-- insert into genre (id, name, parent_id, slug) values (53, 'Управление персоналом', 19, 'staff-management');
-- insert into genre (id, name, parent_id, slug) values (54, 'Бизнес-процессы', 19, 'business-processes');
-- insert into genre (id, name, parent_id, slug) values (55, 'Управление бизнесом', 19, 'business-management');
-- insert into genre (id, name, parent_id, slug) values (56, 'Драматургия', null, 'drama');
-- insert into genre (id, name, parent_id, slug) values (57, 'Античная драма', 56, 'antic-drama');
-- insert into genre (id, name, parent_id, slug) values (58, 'Комедия', 56, 'comedy');
-- insert into genre (id, name, parent_id, slug) values (59, 'Сценарий', 56, 'scenario');
-- insert into genre (id, name, parent_id, slug) values (60, 'Драма, пьеса', 56, 'drama-play');
--
--
-- insert into book2genre (book_id, genre_id) values (83, 35);
-- insert into book2genre (book_id, genre_id) values (67, 2);
-- insert into book2genre (book_id, genre_id) values (96, 25);
-- insert into book2genre (book_id, genre_id) values (48, 55);
-- insert into book2genre (book_id, genre_id) values (40, 21);
-- insert into book2genre (book_id, genre_id) values (74, 35);
-- insert into book2genre (book_id, genre_id) values (68, 28);
-- insert into book2genre (book_id, genre_id) values (14, 23);
-- insert into book2genre (book_id, genre_id) values (59, 53);
-- insert into book2genre (book_id, genre_id) values (81, 51);
-- insert into book2genre (book_id, genre_id) values (99, 26);
-- insert into book2genre (book_id, genre_id) values (31, 54);
-- insert into book2genre (book_id, genre_id) values (77, 5);
-- insert into book2genre (book_id, genre_id) values (11, 16);
-- insert into book2genre (book_id, genre_id) values (52, 52);
-- insert into book2genre (book_id, genre_id) values (75, 41);
-- insert into book2genre (book_id, genre_id) values (67, 26);
-- insert into book2genre (book_id, genre_id) values (95, 29);
-- insert into book2genre (book_id, genre_id) values (61, 23);
-- insert into book2genre (book_id, genre_id) values (71, 52);
-- insert into book2genre (book_id, genre_id) values (90, 21);
-- insert into book2genre (book_id, genre_id) values (84, 24);
-- insert into book2genre (book_id, genre_id) values (52, 3);
-- insert into book2genre (book_id, genre_id) values (78, 26);
-- insert into book2genre (book_id, genre_id) values (36, 25);
-- insert into book2genre (book_id, genre_id) values (55, 18);
-- insert into book2genre (book_id, genre_id) values (19, 43);
-- insert into book2genre (book_id, genre_id) values (26, 35);
-- insert into book2genre (book_id, genre_id) values (94, 7);
-- insert into book2genre (book_id, genre_id) values (61, 32);
-- insert into book2genre (book_id, genre_id) values (82, 48);
-- insert into book2genre (book_id, genre_id) values (83, 49);
-- insert into book2genre (book_id, genre_id) values (47, 42);
-- insert into book2genre (book_id, genre_id) values (84, 57);
-- insert into book2genre (book_id, genre_id) values (85, 1);
-- insert into book2genre (book_id, genre_id) values (89, 7);
-- insert into book2genre (book_id, genre_id) values (19, 8);
-- insert into book2genre (book_id, genre_id) values (25, 19);
-- insert into book2genre (book_id, genre_id) values (94, 21);
-- insert into book2genre (book_id, genre_id) values (2, 9);
-- insert into book2genre (book_id, genre_id) values (92, 47);
-- insert into book2genre (book_id, genre_id) values (84, 46);
-- insert into book2genre (book_id, genre_id) values (78, 24);
-- insert into book2genre (book_id, genre_id) values (61, 36);
-- insert into book2genre (book_id, genre_id) values (53, 18);
-- insert into book2genre (book_id, genre_id) values (72, 49);
-- insert into book2genre (book_id, genre_id) values (44, 7);
-- insert into book2genre (book_id, genre_id) values (78, 9);
-- insert into book2genre (book_id, genre_id) values (4, 48);
-- insert into book2genre (book_id, genre_id) values (7, 3);
-- insert into book2genre (book_id, genre_id) values (84, 9);
-- insert into book2genre (book_id, genre_id) values (48, 10);
-- insert into book2genre (book_id, genre_id) values (49, 33);
-- insert into book2genre (book_id, genre_id) values (13, 21);
-- insert into book2genre (book_id, genre_id) values (49, 35);
-- insert into book2genre (book_id, genre_id) values (23, 5);
-- insert into book2genre (book_id, genre_id) values (27, 7);
-- insert into book2genre (book_id, genre_id) values (41, 52);
-- insert into book2genre (book_id, genre_id) values (25, 4);
-- insert into book2genre (book_id, genre_id) values (23, 7);
-- insert into book2genre (book_id, genre_id) values (89, 16);
-- insert into book2genre (book_id, genre_id) values (59, 21);
-- insert into book2genre (book_id, genre_id) values (99, 47);
-- insert into book2genre (book_id, genre_id) values (45, 51);
-- insert into book2genre (book_id, genre_id) values (5, 45);
-- insert into book2genre (book_id, genre_id) values (10, 17);
-- insert into book2genre (book_id, genre_id) values (7, 51);
-- insert into book2genre (book_id, genre_id) values (56, 18);
-- insert into book2genre (book_id, genre_id) values (65, 48);
-- insert into book2genre (book_id, genre_id) values (75, 32);
-- insert into book2genre (book_id, genre_id) values (40, 9);
-- insert into book2genre (book_id, genre_id) values (16, 42);
-- insert into book2genre (book_id, genre_id) values (40, 34);
-- insert into book2genre (book_id, genre_id) values (91, 52);
-- insert into book2genre (book_id, genre_id) values (85, 3);
-- insert into book2genre (book_id, genre_id) values (40, 26);
-- insert into book2genre (book_id, genre_id) values (71, 37);
-- insert into book2genre (book_id, genre_id) values (10, 13);
-- insert into book2genre (book_id, genre_id) values (91, 42);
-- insert into book2genre (book_id, genre_id) values (77, 25);
-- insert into book2genre (book_id, genre_id) values (15, 22);
-- insert into book2genre (book_id, genre_id) values (93, 38);
-- insert into book2genre (book_id, genre_id) values (47, 34);
-- insert into book2genre (book_id, genre_id) values (5, 5);
-- insert into book2genre (book_id, genre_id) values (35, 46);
-- insert into book2genre (book_id, genre_id) values (96, 37);
-- insert into book2genre (book_id, genre_id) values (64, 41);
-- insert into book2genre (book_id, genre_id) values (97, 16);
-- insert into book2genre (book_id, genre_id) values (14, 15);
-- insert into book2genre (book_id, genre_id) values (90, 19);
-- insert into book2genre (book_id, genre_id) values (22, 4);
-- insert into book2genre (book_id, genre_id) values (76, 7);
-- insert into book2genre (book_id, genre_id) values (54, 56);
-- insert into book2genre (book_id, genre_id) values (14, 31);
-- insert into book2genre (book_id, genre_id) values (47, 29);
-- insert into book2genre (book_id, genre_id) values (20, 19);
-- insert into book2genre (book_id, genre_id) values (53, 37);
-- insert into book2genre (book_id, genre_id) values (32, 59);
-- insert into book2genre (book_id, genre_id) values (66, 12);
-- insert into book2genre (book_id, genre_id) values (13, 31);
-- insert into book2genre (book_id, genre_id) values (87, 59);
-- insert into book2genre (book_id, genre_id) values (43, 8);
-- insert into book2genre (book_id, genre_id) values (48, 44);
-- insert into book2genre (book_id, genre_id) values (76, 5);
-- insert into book2genre (book_id, genre_id) values (36, 36);
-- insert into book2genre (book_id, genre_id) values (35, 7);
-- insert into book2genre (book_id, genre_id) values (98, 34);
-- insert into book2genre (book_id, genre_id) values (65, 52);
-- insert into book2genre (book_id, genre_id) values (80, 3);
-- insert into book2genre (book_id, genre_id) values (84, 14);
-- insert into book2genre (book_id, genre_id) values (95, 52);
-- insert into book2genre (book_id, genre_id) values (85, 1);
-- insert into book2genre (book_id, genre_id) values (51, 9);
-- insert into book2genre (book_id, genre_id) values (94, 54);
-- insert into book2genre (book_id, genre_id) values (37, 40);
-- insert into book2genre (book_id, genre_id) values (81, 29);
-- insert into book2genre (book_id, genre_id) values (59, 59);
-- insert into book2genre (book_id, genre_id) values (79, 36);
-- insert into book2genre (book_id, genre_id) values (75, 50);
-- insert into book2genre (book_id, genre_id) values (16, 27);
-- insert into book2genre (book_id, genre_id) values (97, 52);
-- insert into book2genre (book_id, genre_id) values (38, 28);
-- insert into book2genre (book_id, genre_id) values (47, 13);
-- insert into book2genre (book_id, genre_id) values (52, 47);
-- insert into book2genre (book_id, genre_id) values (62, 55);
-- insert into book2genre (book_id, genre_id) values (39, 17);
-- insert into book2genre (book_id, genre_id) values (33, 60);
-- insert into book2genre (book_id, genre_id) values (58, 12);
-- insert into book2genre (book_id, genre_id) values (3, 28);
-- insert into book2genre (book_id, genre_id) values (68, 57);
-- insert into book2genre (book_id, genre_id) values (28, 20);
-- insert into book2genre (book_id, genre_id) values (90, 40);
-- insert into book2genre (book_id, genre_id) values (25, 19);
-- insert into book2genre (book_id, genre_id) values (54, 26);
-- insert into book2genre (book_id, genre_id) values (62, 28);
-- insert into book2genre (book_id, genre_id) values (64, 37);
-- insert into book2genre (book_id, genre_id) values (79, 3);
-- insert into book2genre (book_id, genre_id) values (86, 25);
-- insert into book2genre (book_id, genre_id) values (84, 7);
-- insert into book2genre (book_id, genre_id) values (10, 29);
-- insert into book2genre (book_id, genre_id) values (40, 60);
-- insert into book2genre (book_id, genre_id) values (50, 2);
-- insert into book2genre (book_id, genre_id) values (65, 13);
-- insert into book2genre (book_id, genre_id) values (36, 6);
-- insert into book2genre (book_id, genre_id) values (68, 22);
-- insert into book2genre (book_id, genre_id) values (97, 27);
-- insert into book2genre (book_id, genre_id) values (58, 4);
-- insert into book2genre (book_id, genre_id) values (32, 54);
-- insert into book2genre (book_id, genre_id) values (30, 37);
-- insert into book2genre (book_id, genre_id) values (68, 38);
-- insert into book2genre (book_id, genre_id) values (33, 22);
-- insert into book2genre (book_id, genre_id) values (30, 45);
-- insert into book2genre (book_id, genre_id) values (19, 17);
-- insert into book2genre (book_id, genre_id) values (70, 50);
-- insert into book2genre (book_id, genre_id) values (23, 51);
-- insert into book2genre (book_id, genre_id) values (15, 23);
-- insert into book2genre (book_id, genre_id) values (9, 24);
-- insert into book2genre (book_id, genre_id) values (59, 52);
-- insert into book2genre (book_id, genre_id) values (45, 49);
-- insert into book2genre (book_id, genre_id) values (29, 4);
-- insert into book2genre (book_id, genre_id) values (48, 22);
-- insert into book2genre (book_id, genre_id) values (51, 14);
-- insert into book2genre (book_id, genre_id) values (4, 50);
-- insert into book2genre (book_id, genre_id) values (76, 49);
-- insert into book2genre (book_id, genre_id) values (40, 60);
-- insert into book2genre (book_id, genre_id) values (10, 41);
-- insert into book2genre (book_id, genre_id) values (81, 39);
-- insert into book2genre (book_id, genre_id) values (51, 18);
-- insert into book2genre (book_id, genre_id) values (76, 44);
-- insert into book2genre (book_id, genre_id) values (13, 55);
-- insert into book2genre (book_id, genre_id) values (34, 20);
-- insert into book2genre (book_id, genre_id) values (36, 4);
-- insert into book2genre (book_id, genre_id) values (86, 20);
-- insert into book2genre (book_id, genre_id) values (64, 31);
-- insert into book2genre (book_id, genre_id) values (91, 41);
-- insert into book2genre (book_id, genre_id) values (53, 53);
-- insert into book2genre (book_id, genre_id) values (79, 35);
-- insert into book2genre (book_id, genre_id) values (60, 36);
-- insert into book2genre (book_id, genre_id) values (92, 25);
-- insert into book2genre (book_id, genre_id) values (30, 52);
-- insert into book2genre (book_id, genre_id) values (87, 8);
-- insert into book2genre (book_id, genre_id) values (69, 4);
-- insert into book2genre (book_id, genre_id) values (92, 45);
-- insert into book2genre (book_id, genre_id) values (87, 59);
-- insert into book2genre (book_id, genre_id) values (18, 8);
-- insert into book2genre (book_id, genre_id) values (53, 43);
-- insert into book2genre (book_id, genre_id) values (24, 37);
-- insert into book2genre (book_id, genre_id) values (13, 22);
-- insert into book2genre (book_id, genre_id) values (71, 9);
-- insert into book2genre (book_id, genre_id) values (84, 6);
-- insert into book2genre (book_id, genre_id) values (85, 6);
-- insert into book2genre (book_id, genre_id) values (35, 9);
-- insert into book2genre (book_id, genre_id) values (35, 39);
-- insert into book2genre (book_id, genre_id) values (21, 32);
-- insert into book2genre (book_id, genre_id) values (10, 15);
-- insert into book2genre (book_id, genre_id) values (36, 7);
-- insert into book2genre (book_id, genre_id) values (57, 31);
-- insert into book2genre (book_id, genre_id) values (45, 6);
-- insert into book2genre (book_id, genre_id) values (12, 51);
-- insert into book2genre (book_id, genre_id) values (9, 14);
--
--
-- insert into book_file (id, hash, type_id, path, book_id) values (1, 'fsdl342ladads76432', 1, '/Twelve.pdf',1);
-- insert into book_file (id, hash, type_id, path, book_id) values (2, 'asdl35436dads34235', 2, '/Twelve.epub',1);
-- insert into book_file (id, hash, type_id, path, book_id) values (3, 'qwer342lafdss34123', 3, '/Twelve.fb2',1);


insert into users (id, hash, reg_time, balance, name) values (0, 'somehash', '2022-02-22 22:22:22', 0, 'Zero uzer');
